Sample,Accessions,Conf,Sequence,Modifications,CorrectedModifications,ProteinModifications,ModifiedSequence,Cleavages,CleavageSites,dMass,Obs.MW,Obs.m.z,Theor.MW,Theor.m.z,Theor.z,Intensity
AD_01,0N,,AEEAGIGDTPSLEDEAAGHVTQR,,,,AEEAGIGDTPSLEDEAAGHVTQR,,,,,,,,,0.00140693221505062
AD_02,0N,,AEEAGIGDTPSLEDEAAGHVTQR,,,,AEEAGIGDTPSLEDEAAGHVTQR,,,,,,,,,0.00359178794333296
AD_03,0N,,AEEAGIGDTPSLEDEAAGHVTQR,,,,AEEAGIGDTPSLEDEAAGHVTQR,,,,,,,,,0.00396595078261978
AD_04,0N,,AEEAGIGDTPSLEDEAAGHVTQR,,,,AEEAGIGDTPSLEDEAAGHVTQR,,,,,,,,,0.009393794556988
AD_05,0N,,AEEAGIGDTPSLEDEAAGHVTQR,,,,AEEAGIGDTPSLEDEAAGHVTQR,,,,,,,,,0.00279424693198261
AD_06,0N,,AEEAGIGDTPSLEDEAAGHVTQR,,,,AEEAGIGDTPSLEDEAAGHVTQR,,,,,,,,,0.00513295039868878
AD_07,0N,,AEEAGIGDTPSLEDEAAGHVTQR,,,,AEEAGIGDTPSLEDEAAGHVTQR,,,,,,,,,0.00654485021910445
AD_08,0N,,AEEAGIGDTPSLEDEAAGHVTQR,,,,AEEAGIGDTPSLEDEAAGHVTQR,,,,,,,,,0.00589715090531447
AD_09,0N,,AEEAGIGDTPSLEDEAAGHVTQR,,,,AEEAGIGDTPSLEDEAAGHVTQR,,,,,,,,,0.00260221724436489
AD_10,0N,,AEEAGIGDTPSLEDEAAGHVTQR,,,,AEEAGIGDTPSLEDEAAGHVTQR,,,,,,,,,0.00363857654432279
AD_11,0N,,AEEAGIGDTPSLEDEAAGHVTQR,,,,AEEAGIGDTPSLEDEAAGHVTQR,,,,,,,,,0.0033223848259783
AD_12,0N,,AEEAGIGDTPSLEDEAAGHVTQR,,,,AEEAGIGDTPSLEDEAAGHVTQR,,,,,,,,,0.00480428727691507
AD_13,0N,,AEEAGIGDTPSLEDEAAGHVTQR,,,,AEEAGIGDTPSLEDEAAGHVTQR,,,,,,,,,0.00182970518089973
AD_14,0N,,AEEAGIGDTPSLEDEAAGHVTQR,,,,AEEAGIGDTPSLEDEAAGHVTQR,,,,,,,,,0.00691785118550822
AD_15,0N,,AEEAGIGDTPSLEDEAAGHVTQR,,,,AEEAGIGDTPSLEDEAAGHVTQR,,,,,,,,,0.000957157305122276
AD_16,0N,,AEEAGIGDTPSLEDEAAGHVTQR,,,,AEEAGIGDTPSLEDEAAGHVTQR,,,,,,,,,0.00318355914561446
AD_17,0N,,AEEAGIGDTPSLEDEAAGHVTQR,,,,AEEAGIGDTPSLEDEAAGHVTQR,,,,,,,,,0.00418213790558767
AD_18,0N,,AEEAGIGDTPSLEDEAAGHVTQR,,,,AEEAGIGDTPSLEDEAAGHVTQR,,,,,,,,,0.00129057241398009
AD_19,0N,,AEEAGIGDTPSLEDEAAGHVTQR,,,,AEEAGIGDTPSLEDEAAGHVTQR,,,,,,,,,0.00173798093356207
AD_20,0N,,AEEAGIGDTPSLEDEAAGHVTQR,,,,AEEAGIGDTPSLEDEAAGHVTQR,,,,,,,,,0.00245848161457406
AD_21,0N,,AEEAGIGDTPSLEDEAAGHVTQR,,,,AEEAGIGDTPSLEDEAAGHVTQR,,,,,,,,,0.00395301107908117
AD_22,0N,,AEEAGIGDTPSLEDEAAGHVTQR,,,,AEEAGIGDTPSLEDEAAGHVTQR,,,,,,,,,0.00280903391946173
AD_23,0N,,AEEAGIGDTPSLEDEAAGHVTQR,,,,AEEAGIGDTPSLEDEAAGHVTQR,,,,,,,,,0.00171619105497169
AD_24,0N,,AEEAGIGDTPSLEDEAAGHVTQR,,,,AEEAGIGDTPSLEDEAAGHVTQR,,,,,,,,,0.000119102557846191
AD_25,0N,,AEEAGIGDTPSLEDEAAGHVTQR,,,,AEEAGIGDTPSLEDEAAGHVTQR,,,,,,,,,0.000429800027488313
AD_30,0N,,AEEAGIGDTPSLEDEAAGHVTQR,,,,AEEAGIGDTPSLEDEAAGHVTQR,,,,,,,,,0.00763929511337733
AD_31,0N,,AEEAGIGDTPSLEDEAAGHVTQR,,,,AEEAGIGDTPSLEDEAAGHVTQR,,,,,,,,,0.0108474752869565
AD_32,0N,,AEEAGIGDTPSLEDEAAGHVTQR,,,,AEEAGIGDTPSLEDEAAGHVTQR,,,,,,,,,0.00684328532901998
AD_33,0N,,AEEAGIGDTPSLEDEAAGHVTQR,,,,AEEAGIGDTPSLEDEAAGHVTQR,,,,,,,,,0.00875208194432449
AD_34,0N,,AEEAGIGDTPSLEDEAAGHVTQR,,,,AEEAGIGDTPSLEDEAAGHVTQR,,,,,,,,,0.00815809019987375
AD_35,0N,,AEEAGIGDTPSLEDEAAGHVTQR,,,,AEEAGIGDTPSLEDEAAGHVTQR,,,,,,,,,0.00357027800079721
AD_36,0N,,AEEAGIGDTPSLEDEAAGHVTQR,,,,AEEAGIGDTPSLEDEAAGHVTQR,,,,,,,,,0.0043544356758861
AD_37,0N,,AEEAGIGDTPSLEDEAAGHVTQR,,,,AEEAGIGDTPSLEDEAAGHVTQR,,,,,,,,,0.0063295699610592
CAA_01,0N,,AEEAGIGDTPSLEDEAAGHVTQR,,,,AEEAGIGDTPSLEDEAAGHVTQR,,,,,,,,,0.00205964621554534
CBD_01,0N,,AEEAGIGDTPSLEDEAAGHVTQR,,,,AEEAGIGDTPSLEDEAAGHVTQR,,,,,,,,,0.00498759612801319
CBD_02,0N,,AEEAGIGDTPSLEDEAAGHVTQR,,,,AEEAGIGDTPSLEDEAAGHVTQR,,,,,,,,,0.00681201342603147
CBD_03,0N,,AEEAGIGDTPSLEDEAAGHVTQR,,,,AEEAGIGDTPSLEDEAAGHVTQR,,,,,,,,,0.00710761508724814
CBD_04,0N,,AEEAGIGDTPSLEDEAAGHVTQR,,,,AEEAGIGDTPSLEDEAAGHVTQR,,,,,,,,,0.00526906636566292
CBD_05,0N,,AEEAGIGDTPSLEDEAAGHVTQR,,,,AEEAGIGDTPSLEDEAAGHVTQR,,,,,,,,,0.00669954656393327
CBD_06,0N,,AEEAGIGDTPSLEDEAAGHVTQR,,,,AEEAGIGDTPSLEDEAAGHVTQR,,,,,,,,,0.00517255312483668
CBD_07,0N,,AEEAGIGDTPSLEDEAAGHVTQR,,,,AEEAGIGDTPSLEDEAAGHVTQR,,,,,,,,,0.00852438015476793
CBD_08,0N,,AEEAGIGDTPSLEDEAAGHVTQR,,,,AEEAGIGDTPSLEDEAAGHVTQR,,,,,,,,,0.00677952623224311
CBD_09,0N,,AEEAGIGDTPSLEDEAAGHVTQR,,,,AEEAGIGDTPSLEDEAAGHVTQR,,,,,,,,,0
CBD_10,0N,,AEEAGIGDTPSLEDEAAGHVTQR,,,,AEEAGIGDTPSLEDEAAGHVTQR,,,,,,,,,0.00169467979349443
CBD_11,0N,,AEEAGIGDTPSLEDEAAGHVTQR,,,,AEEAGIGDTPSLEDEAAGHVTQR,,,,,,,,,0.0018114827578441
CBD_12,0N,,AEEAGIGDTPSLEDEAAGHVTQR,,,,AEEAGIGDTPSLEDEAAGHVTQR,,,,,,,,,0.0094870389830437
CBD_13,0N,,AEEAGIGDTPSLEDEAAGHVTQR,,,,AEEAGIGDTPSLEDEAAGHVTQR,,,,,,,,,0.00124907082406821
CBD_14,0N,,AEEAGIGDTPSLEDEAAGHVTQR,,,,AEEAGIGDTPSLEDEAAGHVTQR,,,,,,,,,0
CBD_15,0N,,AEEAGIGDTPSLEDEAAGHVTQR,,,,AEEAGIGDTPSLEDEAAGHVTQR,,,,,,,,,0.0015677471456224
CBD_16,0N,,AEEAGIGDTPSLEDEAAGHVTQR,,,,AEEAGIGDTPSLEDEAAGHVTQR,,,,,,,,,0.00128145785770857
CBD_17,0N,,AEEAGIGDTPSLEDEAAGHVTQR,,,,AEEAGIGDTPSLEDEAAGHVTQR,,,,,,,,,0.00205844196435171
CBD_18,0N,,AEEAGIGDTPSLEDEAAGHVTQR,,,,AEEAGIGDTPSLEDEAAGHVTQR,,,,,,,,,0.00202533557174508
CBD_19,0N,,AEEAGIGDTPSLEDEAAGHVTQR,,,,AEEAGIGDTPSLEDEAAGHVTQR,,,,,,,,,0.0205249258719637
CBD_20,0N,,AEEAGIGDTPSLEDEAAGHVTQR,,,,AEEAGIGDTPSLEDEAAGHVTQR,,,,,,,,,0.0234398459405026
CBD_21,0N,,AEEAGIGDTPSLEDEAAGHVTQR,,,,AEEAGIGDTPSLEDEAAGHVTQR,,,,,,,,,0.024985525580265
CBD_22,0N,,AEEAGIGDTPSLEDEAAGHVTQR,,,,AEEAGIGDTPSLEDEAAGHVTQR,,,,,,,,,0.0136311492927994
CBD_23,0N,,AEEAGIGDTPSLEDEAAGHVTQR,,,,AEEAGIGDTPSLEDEAAGHVTQR,,,,,,,,,0.0151887455802199
CBD_24,0N,,AEEAGIGDTPSLEDEAAGHVTQR,,,,AEEAGIGDTPSLEDEAAGHVTQR,,,,,,,,,0.0115104532553405
CBD_25,0N,,AEEAGIGDTPSLEDEAAGHVTQR,,,,AEEAGIGDTPSLEDEAAGHVTQR,,,,,,,,,0.00887402384943124
CBD_26,0N,,AEEAGIGDTPSLEDEAAGHVTQR,,,,AEEAGIGDTPSLEDEAAGHVTQR,,,,,,,,,0.00800653331161084
CBD_27,0N,,AEEAGIGDTPSLEDEAAGHVTQR,,,,AEEAGIGDTPSLEDEAAGHVTQR,,,,,,,,,0.00778407001180287
CBD_28,0N,,AEEAGIGDTPSLEDEAAGHVTQR,,,,AEEAGIGDTPSLEDEAAGHVTQR,,,,,,,,,0.00715728539371648
CBD_29,0N,,AEEAGIGDTPSLEDEAAGHVTQR,,,,AEEAGIGDTPSLEDEAAGHVTQR,,,,,,,,,0.00738969590379372
CBD_30,0N,,AEEAGIGDTPSLEDEAAGHVTQR,,,,AEEAGIGDTPSLEDEAAGHVTQR,,,,,,,,,0.0213010347628587
CBD_31,0N,,AEEAGIGDTPSLEDEAAGHVTQR,,,,AEEAGIGDTPSLEDEAAGHVTQR,,,,,,,,,0.0275007818142573
CBD_32,0N,,AEEAGIGDTPSLEDEAAGHVTQR,,,,AEEAGIGDTPSLEDEAAGHVTQR,,,,,,,,,0.0239522970659004
CBD_33,0N,,AEEAGIGDTPSLEDEAAGHVTQR,,,,AEEAGIGDTPSLEDEAAGHVTQR,,,,,,,,,0.0106475172429268
CTE_01,0N,,AEEAGIGDTPSLEDEAAGHVTQR,,,,AEEAGIGDTPSLEDEAAGHVTQR,,,,,,,,,0.00626414214101695
CTE_02,0N,,AEEAGIGDTPSLEDEAAGHVTQR,,,,AEEAGIGDTPSLEDEAAGHVTQR,,,,,,,,,0.00532161126002745
CTE_03,0N,,AEEAGIGDTPSLEDEAAGHVTQR,,,,AEEAGIGDTPSLEDEAAGHVTQR,,,,,,,,,0.0095092635651114
CTE_04,0N,,AEEAGIGDTPSLEDEAAGHVTQR,,,,AEEAGIGDTPSLEDEAAGHVTQR,,,,,,,,,0.0078966642983723
CTE_05,0N,,AEEAGIGDTPSLEDEAAGHVTQR,,,,AEEAGIGDTPSLEDEAAGHVTQR,,,,,,,,,0.00467438364284497
CTE_06,0N,,AEEAGIGDTPSLEDEAAGHVTQR,,,,AEEAGIGDTPSLEDEAAGHVTQR,,,,,,,,,0.00713189381815837
CTE_07,0N,,AEEAGIGDTPSLEDEAAGHVTQR,,,,AEEAGIGDTPSLEDEAAGHVTQR,,,,,,,,,0.00745107859170947
CTE_08,0N,,AEEAGIGDTPSLEDEAAGHVTQR,,,,AEEAGIGDTPSLEDEAAGHVTQR,,,,,,,,,0.00567428071609749
CTE_09,0N,,AEEAGIGDTPSLEDEAAGHVTQR,,,,AEEAGIGDTPSLEDEAAGHVTQR,,,,,,,,,0.00899082208705623
CTE_10,0N,,AEEAGIGDTPSLEDEAAGHVTQR,,,,AEEAGIGDTPSLEDEAAGHVTQR,,,,,,,,,0.000768746617115805
CTE_11,0N,,AEEAGIGDTPSLEDEAAGHVTQR,,,,AEEAGIGDTPSLEDEAAGHVTQR,,,,,,,,,0.00262692965073353
CTE_12,0N,,AEEAGIGDTPSLEDEAAGHVTQR,,,,AEEAGIGDTPSLEDEAAGHVTQR,,,,,,,,,0.0071155478303369
CTE_13,0N,,AEEAGIGDTPSLEDEAAGHVTQR,,,,AEEAGIGDTPSLEDEAAGHVTQR,,,,,,,,,0.00661557125880281
CTE_14,0N,,AEEAGIGDTPSLEDEAAGHVTQR,,,,AEEAGIGDTPSLEDEAAGHVTQR,,,,,,,,,0.000842567249134485
CTE_15,0N,,AEEAGIGDTPSLEDEAAGHVTQR,,,,AEEAGIGDTPSLEDEAAGHVTQR,,,,,,,,,0.00687316470677193
CTE_16,0N,,AEEAGIGDTPSLEDEAAGHVTQR,,,,AEEAGIGDTPSLEDEAAGHVTQR,,,,,,,,,0.0127787320177913
CTE_17,0N,,AEEAGIGDTPSLEDEAAGHVTQR,,,,AEEAGIGDTPSLEDEAAGHVTQR,,,,,,,,,0.0100355513874967
CTE_18,0N,,AEEAGIGDTPSLEDEAAGHVTQR,,,,AEEAGIGDTPSLEDEAAGHVTQR,,,,,,,,,0.00608683511201646
CTE_19,0N,,AEEAGIGDTPSLEDEAAGHVTQR,,,,AEEAGIGDTPSLEDEAAGHVTQR,,,,,,,,,0.00619414742270776
CTE_20,0N,,AEEAGIGDTPSLEDEAAGHVTQR,,,,AEEAGIGDTPSLEDEAAGHVTQR,,,,,,,,,0.0099178500746852
CTE_21,0N,,AEEAGIGDTPSLEDEAAGHVTQR,,,,AEEAGIGDTPSLEDEAAGHVTQR,,,,,,,,,0.0118512881055922
CTE_22,0N,,AEEAGIGDTPSLEDEAAGHVTQR,,,,AEEAGIGDTPSLEDEAAGHVTQR,,,,,,,,,0.00718958759882591
CTE_23,0N,,AEEAGIGDTPSLEDEAAGHVTQR,,,,AEEAGIGDTPSLEDEAAGHVTQR,,,,,,,,,0.0043266384621345
CTE_24,0N,,AEEAGIGDTPSLEDEAAGHVTQR,,,,AEEAGIGDTPSLEDEAAGHVTQR,,,,,,,,,0.0049551010780167
CTE_25,0N,,AEEAGIGDTPSLEDEAAGHVTQR,,,,AEEAGIGDTPSLEDEAAGHVTQR,,,,,,,,,0
CTRL_01,0N,,AEEAGIGDTPSLEDEAAGHVTQR,,,,AEEAGIGDTPSLEDEAAGHVTQR,,,,,,,,,0.00484961936724203
CTRL_02,0N,,AEEAGIGDTPSLEDEAAGHVTQR,,,,AEEAGIGDTPSLEDEAAGHVTQR,,,,,,,,,0.00401689918460123
CTRL_03,0N,,AEEAGIGDTPSLEDEAAGHVTQR,,,,AEEAGIGDTPSLEDEAAGHVTQR,,,,,,,,,0.00396712531895554
CTRL_04,0N,,AEEAGIGDTPSLEDEAAGHVTQR,,,,AEEAGIGDTPSLEDEAAGHVTQR,,,,,,,,,0.00541972303372236
CTRL_05,0N,,AEEAGIGDTPSLEDEAAGHVTQR,,,,AEEAGIGDTPSLEDEAAGHVTQR,,,,,,,,,0.0056449348538032
CTRL_06,0N,,AEEAGIGDTPSLEDEAAGHVTQR,,,,AEEAGIGDTPSLEDEAAGHVTQR,,,,,,,,,0
CTRL_07,0N,,AEEAGIGDTPSLEDEAAGHVTQR,,,,AEEAGIGDTPSLEDEAAGHVTQR,,,,,,,,,0
CTRL_08,0N,,AEEAGIGDTPSLEDEAAGHVTQR,,,,AEEAGIGDTPSLEDEAAGHVTQR,,,,,,,,,0.00579248526925971
CTRL_09,0N,,AEEAGIGDTPSLEDEAAGHVTQR,,,,AEEAGIGDTPSLEDEAAGHVTQR,,,,,,,,,0
CTRL_10,0N,,AEEAGIGDTPSLEDEAAGHVTQR,,,,AEEAGIGDTPSLEDEAAGHVTQR,,,,,,,,,0.00437230211445333
CTRL_11,0N,,AEEAGIGDTPSLEDEAAGHVTQR,,,,AEEAGIGDTPSLEDEAAGHVTQR,,,,,,,,,0.00494272112039867
CTRL_12,0N,,AEEAGIGDTPSLEDEAAGHVTQR,,,,AEEAGIGDTPSLEDEAAGHVTQR,,,,,,,,,0.00887661060563624
CTRL_13,0N,,AEEAGIGDTPSLEDEAAGHVTQR,,,,AEEAGIGDTPSLEDEAAGHVTQR,,,,,,,,,0.00467583546881124
CTRL_14,0N,,AEEAGIGDTPSLEDEAAGHVTQR,,,,AEEAGIGDTPSLEDEAAGHVTQR,,,,,,,,,0.00649792592409669
CTRL_15,0N,,AEEAGIGDTPSLEDEAAGHVTQR,,,,AEEAGIGDTPSLEDEAAGHVTQR,,,,,,,,,0
CTRL_16,0N,,AEEAGIGDTPSLEDEAAGHVTQR,,,,AEEAGIGDTPSLEDEAAGHVTQR,,,,,,,,,0
CTRL_17,0N,,AEEAGIGDTPSLEDEAAGHVTQR,,,,AEEAGIGDTPSLEDEAAGHVTQR,,,,,,,,,0
CTRL_18,0N,,AEEAGIGDTPSLEDEAAGHVTQR,,,,AEEAGIGDTPSLEDEAAGHVTQR,,,,,,,,,0
CTRL_19,0N,,AEEAGIGDTPSLEDEAAGHVTQR,,,,AEEAGIGDTPSLEDEAAGHVTQR,,,,,,,,,0
CTRL_20,0N,,AEEAGIGDTPSLEDEAAGHVTQR,,,,AEEAGIGDTPSLEDEAAGHVTQR,,,,,,,,,0
CTRL_21,0N,,AEEAGIGDTPSLEDEAAGHVTQR,,,,AEEAGIGDTPSLEDEAAGHVTQR,,,,,,,,,0.00969664505104709
CTRL_22,0N,,AEEAGIGDTPSLEDEAAGHVTQR,,,,AEEAGIGDTPSLEDEAAGHVTQR,,,,,,,,,0.00293369502044132
CTRL_23,0N,,AEEAGIGDTPSLEDEAAGHVTQR,,,,AEEAGIGDTPSLEDEAAGHVTQR,,,,,,,,,0.0024240098688199
CTRL_24,0N,,AEEAGIGDTPSLEDEAAGHVTQR,,,,AEEAGIGDTPSLEDEAAGHVTQR,,,,,,,,,0.00290979336630338
DLB_01,0N,,AEEAGIGDTPSLEDEAAGHVTQR,,,,AEEAGIGDTPSLEDEAAGHVTQR,,,,,,,,,0.00321108915939834
DLB_02,0N,,AEEAGIGDTPSLEDEAAGHVTQR,,,,AEEAGIGDTPSLEDEAAGHVTQR,,,,,,,,,0.00382341547851162
DLB_03,0N,,AEEAGIGDTPSLEDEAAGHVTQR,,,,AEEAGIGDTPSLEDEAAGHVTQR,,,,,,,,,0.00289869988304232
DLB_04,0N,,AEEAGIGDTPSLEDEAAGHVTQR,,,,AEEAGIGDTPSLEDEAAGHVTQR,,,,,,,,,0
DLB_05,0N,,AEEAGIGDTPSLEDEAAGHVTQR,,,,AEEAGIGDTPSLEDEAAGHVTQR,,,,,,,,,0.00282664257307865
DLB_06,0N,,AEEAGIGDTPSLEDEAAGHVTQR,,,,AEEAGIGDTPSLEDEAAGHVTQR,,,,,,,,,0.00247649160023855
DLB_07,0N,,AEEAGIGDTPSLEDEAAGHVTQR,,,,AEEAGIGDTPSLEDEAAGHVTQR,,,,,,,,,0.002324360599894
DLB_08,0N,,AEEAGIGDTPSLEDEAAGHVTQR,,,,AEEAGIGDTPSLEDEAAGHVTQR,,,,,,,,,0.00696399363474362
DLB_09,0N,,AEEAGIGDTPSLEDEAAGHVTQR,,,,AEEAGIGDTPSLEDEAAGHVTQR,,,,,,,,,0.00533106154055161
DLB_10,0N,,AEEAGIGDTPSLEDEAAGHVTQR,,,,AEEAGIGDTPSLEDEAAGHVTQR,,,,,,,,,0.00200728991538761
DLB_11,0N,,AEEAGIGDTPSLEDEAAGHVTQR,,,,AEEAGIGDTPSLEDEAAGHVTQR,,,,,,,,,0.00358286649512941
DLB_12,0N,,AEEAGIGDTPSLEDEAAGHVTQR,,,,AEEAGIGDTPSLEDEAAGHVTQR,,,,,,,,,0.00464512131281595
DLB_13,0N,,AEEAGIGDTPSLEDEAAGHVTQR,,,,AEEAGIGDTPSLEDEAAGHVTQR,,,,,,,,,0.00613545232595315
DLB_14,0N,,AEEAGIGDTPSLEDEAAGHVTQR,,,,AEEAGIGDTPSLEDEAAGHVTQR,,,,,,,,,0.00185440434083654
fAD_26,0N,,AEEAGIGDTPSLEDEAAGHVTQR,,,,AEEAGIGDTPSLEDEAAGHVTQR,,,,,,,,,0.00697817112811185
fAD_27,0N,,AEEAGIGDTPSLEDEAAGHVTQR,,,,AEEAGIGDTPSLEDEAAGHVTQR,,,,,,,,,0.00851873197116548
fAD_28,0N,,AEEAGIGDTPSLEDEAAGHVTQR,,,,AEEAGIGDTPSLEDEAAGHVTQR,,,,,,,,,0.0053382444155324
fAD_29,0N,,AEEAGIGDTPSLEDEAAGHVTQR,,,,AEEAGIGDTPSLEDEAAGHVTQR,,,,,,,,,0.00394834022332774
FTLD-Tau_01,0N,,AEEAGIGDTPSLEDEAAGHVTQR,,,,AEEAGIGDTPSLEDEAAGHVTQR,,,,,,,,,0.00324219660658557
FTLD-Tau_02,0N,,AEEAGIGDTPSLEDEAAGHVTQR,,,,AEEAGIGDTPSLEDEAAGHVTQR,,,,,,,,,0.0189135603122529
FTLD-Tau_03,0N,,AEEAGIGDTPSLEDEAAGHVTQR,,,,AEEAGIGDTPSLEDEAAGHVTQR,,,,,,,,,0.00925713976043724
NPCAD_01,0N,,AEEAGIGDTPSLEDEAAGHVTQR,,,,AEEAGIGDTPSLEDEAAGHVTQR,,,,,,,,,0.00567748463851435
NPCAD_02,0N,,AEEAGIGDTPSLEDEAAGHVTQR,,,,AEEAGIGDTPSLEDEAAGHVTQR,,,,,,,,,0.00779245918634611
NPCAD_03,0N,,AEEAGIGDTPSLEDEAAGHVTQR,,,,AEEAGIGDTPSLEDEAAGHVTQR,,,,,,,,,0.0115360983766517
NPCAD_04,0N,,AEEAGIGDTPSLEDEAAGHVTQR,,,,AEEAGIGDTPSLEDEAAGHVTQR,,,,,,,,,0.0135296255186539
NPCAD_05,0N,,AEEAGIGDTPSLEDEAAGHVTQR,,,,AEEAGIGDTPSLEDEAAGHVTQR,,,,,,,,,0.00881636491846992
NPCAD_06,0N,,AEEAGIGDTPSLEDEAAGHVTQR,,,,AEEAGIGDTPSLEDEAAGHVTQR,,,,,,,,,0.00396256955384798
NPCAD_07,0N,,AEEAGIGDTPSLEDEAAGHVTQR,,,,AEEAGIGDTPSLEDEAAGHVTQR,,,,,,,,,0.0057420894074287
PiD_01,0N,,AEEAGIGDTPSLEDEAAGHVTQR,,,,AEEAGIGDTPSLEDEAAGHVTQR,,,,,,,,,0.00604722181671036
PiD_02,0N,,AEEAGIGDTPSLEDEAAGHVTQR,,,,AEEAGIGDTPSLEDEAAGHVTQR,,,,,,,,,0
PiD_03,0N,,AEEAGIGDTPSLEDEAAGHVTQR,,,,AEEAGIGDTPSLEDEAAGHVTQR,,,,,,,,,0
PiD_04,0N,,AEEAGIGDTPSLEDEAAGHVTQR,,,,AEEAGIGDTPSLEDEAAGHVTQR,,,,,,,,,0.00215346136825015
PiD_05,0N,,AEEAGIGDTPSLEDEAAGHVTQR,,,,AEEAGIGDTPSLEDEAAGHVTQR,,,,,,,,,0.00260059127770809
PiD_06,0N,,AEEAGIGDTPSLEDEAAGHVTQR,,,,AEEAGIGDTPSLEDEAAGHVTQR,,,,,,,,,0.00237164127897627
PiD_07,0N,,AEEAGIGDTPSLEDEAAGHVTQR,,,,AEEAGIGDTPSLEDEAAGHVTQR,,,,,,,,,0
PiD_08,0N,,AEEAGIGDTPSLEDEAAGHVTQR,,,,AEEAGIGDTPSLEDEAAGHVTQR,,,,,,,,,0.00328937652926891
PiD_09,0N,,AEEAGIGDTPSLEDEAAGHVTQR,,,,AEEAGIGDTPSLEDEAAGHVTQR,,,,,,,,,0.00498230664274077
PiD_10,0N,,AEEAGIGDTPSLEDEAAGHVTQR,,,,AEEAGIGDTPSLEDEAAGHVTQR,,,,,,,,,0.00152588835255652
PiD_11,0N,,AEEAGIGDTPSLEDEAAGHVTQR,,,,AEEAGIGDTPSLEDEAAGHVTQR,,,,,,,,,0.00458378603293986
PiD_12,0N,,AEEAGIGDTPSLEDEAAGHVTQR,,,,AEEAGIGDTPSLEDEAAGHVTQR,,,,,,,,,0.0015621510249197
PiD_13,0N,,AEEAGIGDTPSLEDEAAGHVTQR,,,,AEEAGIGDTPSLEDEAAGHVTQR,,,,,,,,,0
PiD_14,0N,,AEEAGIGDTPSLEDEAAGHVTQR,,,,AEEAGIGDTPSLEDEAAGHVTQR,,,,,,,,,0
PiD_15,0N,,AEEAGIGDTPSLEDEAAGHVTQR,,,,AEEAGIGDTPSLEDEAAGHVTQR,,,,,,,,,0.000355739877404167
PiD_16,0N,,AEEAGIGDTPSLEDEAAGHVTQR,,,,AEEAGIGDTPSLEDEAAGHVTQR,,,,,,,,,0.000518418405729068
PiD_17,0N,,AEEAGIGDTPSLEDEAAGHVTQR,,,,AEEAGIGDTPSLEDEAAGHVTQR,,,,,,,,,0
PiD_18,0N,,AEEAGIGDTPSLEDEAAGHVTQR,,,,AEEAGIGDTPSLEDEAAGHVTQR,,,,,,,,,0.00239937069286695
PiD_19,0N,,AEEAGIGDTPSLEDEAAGHVTQR,,,,AEEAGIGDTPSLEDEAAGHVTQR,,,,,,,,,0
PiD_20,0N,,AEEAGIGDTPSLEDEAAGHVTQR,,,,AEEAGIGDTPSLEDEAAGHVTQR,,,,,,,,,0.00110397940051956
PSP_01,0N,,AEEAGIGDTPSLEDEAAGHVTQR,,,,AEEAGIGDTPSLEDEAAGHVTQR,,,,,,,,,0.00491429770615149
PSP_02,0N,,AEEAGIGDTPSLEDEAAGHVTQR,,,,AEEAGIGDTPSLEDEAAGHVTQR,,,,,,,,,0.00596001248699126
PSP_03,0N,,AEEAGIGDTPSLEDEAAGHVTQR,,,,AEEAGIGDTPSLEDEAAGHVTQR,,,,,,,,,0.0105574575274703
PSP_04,0N,,AEEAGIGDTPSLEDEAAGHVTQR,,,,AEEAGIGDTPSLEDEAAGHVTQR,,,,,,,,,0.00694304435088608
PSP_05,0N,,AEEAGIGDTPSLEDEAAGHVTQR,,,,AEEAGIGDTPSLEDEAAGHVTQR,,,,,,,,,0.00455199349226183
PSP_06,0N,,AEEAGIGDTPSLEDEAAGHVTQR,,,,AEEAGIGDTPSLEDEAAGHVTQR,,,,,,,,,0.00807430653365581
PSP_07,0N,,AEEAGIGDTPSLEDEAAGHVTQR,,,,AEEAGIGDTPSLEDEAAGHVTQR,,,,,,,,,0.00573295507146213
PSP_08,0N,,AEEAGIGDTPSLEDEAAGHVTQR,,,,AEEAGIGDTPSLEDEAAGHVTQR,,,,,,,,,0
PSP_09,0N,,AEEAGIGDTPSLEDEAAGHVTQR,,,,AEEAGIGDTPSLEDEAAGHVTQR,,,,,,,,,0.00536581937931908
PSP_10,0N,,AEEAGIGDTPSLEDEAAGHVTQR,,,,AEEAGIGDTPSLEDEAAGHVTQR,,,,,,,,,0.00616686772741132
PSP_11,0N,,AEEAGIGDTPSLEDEAAGHVTQR,,,,AEEAGIGDTPSLEDEAAGHVTQR,,,,,,,,,0.00391474680689055
PSP_12,0N,,AEEAGIGDTPSLEDEAAGHVTQR,,,,AEEAGIGDTPSLEDEAAGHVTQR,,,,,,,,,0.00898973134387546
PSP_13,0N,,AEEAGIGDTPSLEDEAAGHVTQR,,,,AEEAGIGDTPSLEDEAAGHVTQR,,,,,,,,,0.00351397606346441
PSP_14,0N,,AEEAGIGDTPSLEDEAAGHVTQR,,,,AEEAGIGDTPSLEDEAAGHVTQR,,,,,,,,,0.00568411162885917
PSP_15,0N,,AEEAGIGDTPSLEDEAAGHVTQR,,,,AEEAGIGDTPSLEDEAAGHVTQR,,,,,,,,,0
PSP_16,0N,,AEEAGIGDTPSLEDEAAGHVTQR,,,,AEEAGIGDTPSLEDEAAGHVTQR,,,,,,,,,0
PSP_17,0N,,AEEAGIGDTPSLEDEAAGHVTQR,,,,AEEAGIGDTPSLEDEAAGHVTQR,,,,,,,,,0.00195915217260549
PSP_18,0N,,AEEAGIGDTPSLEDEAAGHVTQR,,,,AEEAGIGDTPSLEDEAAGHVTQR,,,,,,,,,0
PSP_19,0N,,AEEAGIGDTPSLEDEAAGHVTQR,,,,AEEAGIGDTPSLEDEAAGHVTQR,,,,,,,,,0
PSP_20,0N,,AEEAGIGDTPSLEDEAAGHVTQR,,,,AEEAGIGDTPSLEDEAAGHVTQR,,,,,,,,,0.00214563861117165
PSP_21,0N,,AEEAGIGDTPSLEDEAAGHVTQR,,,,AEEAGIGDTPSLEDEAAGHVTQR,,,,,,,,,0.01861909586766
PSP_22,0N,,AEEAGIGDTPSLEDEAAGHVTQR,,,,AEEAGIGDTPSLEDEAAGHVTQR,,,,,,,,,0.0180030405483187
PSP_23,0N,,AEEAGIGDTPSLEDEAAGHVTQR,,,,AEEAGIGDTPSLEDEAAGHVTQR,,,,,,,,,0.0221119721879584
PSP_24,0N,,AEEAGIGDTPSLEDEAAGHVTQR,,,,AEEAGIGDTPSLEDEAAGHVTQR,,,,,,,,,0.0152794880886724
PSP_25,0N,,AEEAGIGDTPSLEDEAAGHVTQR,,,,AEEAGIGDTPSLEDEAAGHVTQR,,,,,,,,,0.0108824797869955
PSP_26,0N,,AEEAGIGDTPSLEDEAAGHVTQR,,,,AEEAGIGDTPSLEDEAAGHVTQR,,,,,,,,,0.0174412931611334
PSP_27,0N,,AEEAGIGDTPSLEDEAAGHVTQR,,,,AEEAGIGDTPSLEDEAAGHVTQR,,,,,,,,,0.00335583841128799
PSP_28,0N,,AEEAGIGDTPSLEDEAAGHVTQR,,,,AEEAGIGDTPSLEDEAAGHVTQR,,,,,,,,,0.00969454818644803
PSP_29,0N,,AEEAGIGDTPSLEDEAAGHVTQR,,,,AEEAGIGDTPSLEDEAAGHVTQR,,,,,,,,,0.00473406925522672
PSP_30,0N,,AEEAGIGDTPSLEDEAAGHVTQR,,,,AEEAGIGDTPSLEDEAAGHVTQR,,,,,,,,,0.00410443569878403
PSP_31,0N,,AEEAGIGDTPSLEDEAAGHVTQR,,,,AEEAGIGDTPSLEDEAAGHVTQR,,,,,,,,,0.00632610296583848
PSP_32,0N,,AEEAGIGDTPSLEDEAAGHVTQR,,,,AEEAGIGDTPSLEDEAAGHVTQR,,,,,,,,,0.0201209554286225
PSP_33,0N,,AEEAGIGDTPSLEDEAAGHVTQR,,,,AEEAGIGDTPSLEDEAAGHVTQR,,,,,,,,,0.0141358362405066
PSP_34,0N,,AEEAGIGDTPSLEDEAAGHVTQR,,,,AEEAGIGDTPSLEDEAAGHVTQR,,,,,,,,,0.00380883967247792
PSP_35,0N,,AEEAGIGDTPSLEDEAAGHVTQR,,,,AEEAGIGDTPSLEDEAAGHVTQR,,,,,,,,,0.014581252771515
PSP_36,0N,,AEEAGIGDTPSLEDEAAGHVTQR,,,,AEEAGIGDTPSLEDEAAGHVTQR,,,,,,,,,0.0130074654278843
PSP_37,0N,,AEEAGIGDTPSLEDEAAGHVTQR,,,,AEEAGIGDTPSLEDEAAGHVTQR,,,,,,,,,0.0121318108864831
PSP_38,0N,,AEEAGIGDTPSLEDEAAGHVTQR,,,,AEEAGIGDTPSLEDEAAGHVTQR,,,,,,,,,0.00311346229315372
PSP_39,0N,,AEEAGIGDTPSLEDEAAGHVTQR,,,,AEEAGIGDTPSLEDEAAGHVTQR,,,,,,,,,0.0132323896285259
PSP_40,0N,,AEEAGIGDTPSLEDEAAGHVTQR,,,,AEEAGIGDTPSLEDEAAGHVTQR,,,,,,,,,0.00728754956077677
AD_01,1N,,STPTAEAEEAGIGDTPSLEDEAAGHVTQAR,,,,STPTAEAEEAGIGDTPSLEDEAAGHVTQAR,,,,,,,,,0.00421288015527986
AD_02,1N,,STPTAEAEEAGIGDTPSLEDEAAGHVTQAR,,,,STPTAEAEEAGIGDTPSLEDEAAGHVTQAR,,,,,,,,,0.00526302302092602
AD_03,1N,,STPTAEAEEAGIGDTPSLEDEAAGHVTQAR,,,,STPTAEAEEAGIGDTPSLEDEAAGHVTQAR,,,,,,,,,0.0228607142278418
AD_04,1N,,STPTAEAEEAGIGDTPSLEDEAAGHVTQAR,,,,STPTAEAEEAGIGDTPSLEDEAAGHVTQAR,,,,,,,,,0.0282989696995734
AD_05,1N,,STPTAEAEEAGIGDTPSLEDEAAGHVTQAR,,,,STPTAEAEEAGIGDTPSLEDEAAGHVTQAR,,,,,,,,,0.00575485024007592
AD_06,1N,,STPTAEAEEAGIGDTPSLEDEAAGHVTQAR,,,,STPTAEAEEAGIGDTPSLEDEAAGHVTQAR,,,,,,,,,0.00484700978985967
AD_07,1N,,STPTAEAEEAGIGDTPSLEDEAAGHVTQAR,,,,STPTAEAEEAGIGDTPSLEDEAAGHVTQAR,,,,,,,,,0.00638663409150331
AD_08,1N,,STPTAEAEEAGIGDTPSLEDEAAGHVTQAR,,,,STPTAEAEEAGIGDTPSLEDEAAGHVTQAR,,,,,,,,,0.00931879206784802
AD_09,1N,,STPTAEAEEAGIGDTPSLEDEAAGHVTQAR,,,,STPTAEAEEAGIGDTPSLEDEAAGHVTQAR,,,,,,,,,0.0109729022838508
AD_10,1N,,STPTAEAEEAGIGDTPSLEDEAAGHVTQAR,,,,STPTAEAEEAGIGDTPSLEDEAAGHVTQAR,,,,,,,,,0.00526465070991106
AD_11,1N,,STPTAEAEEAGIGDTPSLEDEAAGHVTQAR,,,,STPTAEAEEAGIGDTPSLEDEAAGHVTQAR,,,,,,,,,0.00781346069991194
AD_12,1N,,STPTAEAEEAGIGDTPSLEDEAAGHVTQAR,,,,STPTAEAEEAGIGDTPSLEDEAAGHVTQAR,,,,,,,,,0.00998574522175173
AD_13,1N,,STPTAEAEEAGIGDTPSLEDEAAGHVTQAR,,,,STPTAEAEEAGIGDTPSLEDEAAGHVTQAR,,,,,,,,,0.00353093794086799
AD_14,1N,,STPTAEAEEAGIGDTPSLEDEAAGHVTQAR,,,,STPTAEAEEAGIGDTPSLEDEAAGHVTQAR,,,,,,,,,0.00795121528660368
AD_15,1N,,STPTAEAEEAGIGDTPSLEDEAAGHVTQAR,,,,STPTAEAEEAGIGDTPSLEDEAAGHVTQAR,,,,,,,,,0.00431060645840105
AD_16,1N,,STPTAEAEEAGIGDTPSLEDEAAGHVTQAR,,,,STPTAEAEEAGIGDTPSLEDEAAGHVTQAR,,,,,,,,,0.0136237259465012
AD_17,1N,,STPTAEAEEAGIGDTPSLEDEAAGHVTQAR,,,,STPTAEAEEAGIGDTPSLEDEAAGHVTQAR,,,,,,,,,0.0137392235912711
AD_18,1N,,STPTAEAEEAGIGDTPSLEDEAAGHVTQAR,,,,STPTAEAEEAGIGDTPSLEDEAAGHVTQAR,,,,,,,,,0.0127038234811297
AD_19,1N,,STPTAEAEEAGIGDTPSLEDEAAGHVTQAR,,,,STPTAEAEEAGIGDTPSLEDEAAGHVTQAR,,,,,,,,,0.00525913605138996
AD_20,1N,,STPTAEAEEAGIGDTPSLEDEAAGHVTQAR,,,,STPTAEAEEAGIGDTPSLEDEAAGHVTQAR,,,,,,,,,0.00666097784733395
AD_21,1N,,STPTAEAEEAGIGDTPSLEDEAAGHVTQAR,,,,STPTAEAEEAGIGDTPSLEDEAAGHVTQAR,,,,,,,,,0.00640110149046643
AD_22,1N,,STPTAEAEEAGIGDTPSLEDEAAGHVTQAR,,,,STPTAEAEEAGIGDTPSLEDEAAGHVTQAR,,,,,,,,,0.00549155074848135
AD_23,1N,,STPTAEAEEAGIGDTPSLEDEAAGHVTQAR,,,,STPTAEAEEAGIGDTPSLEDEAAGHVTQAR,,,,,,,,,0.00746454600033174
AD_24,1N,,STPTAEAEEAGIGDTPSLEDEAAGHVTQAR,,,,STPTAEAEEAGIGDTPSLEDEAAGHVTQAR,,,,,,,,,0.00042275760526217
AD_25,1N,,STPTAEAEEAGIGDTPSLEDEAAGHVTQAR,,,,STPTAEAEEAGIGDTPSLEDEAAGHVTQAR,,,,,,,,,0.00725141289197531
AD_30,1N,,STPTAEAEEAGIGDTPSLEDEAAGHVTQAR,,,,STPTAEAEEAGIGDTPSLEDEAAGHVTQAR,,,,,,,,,0.00558417943886784
AD_31,1N,,STPTAEAEEAGIGDTPSLEDEAAGHVTQAR,,,,STPTAEAEEAGIGDTPSLEDEAAGHVTQAR,,,,,,,,,0.00998998325783777
AD_32,1N,,STPTAEAEEAGIGDTPSLEDEAAGHVTQAR,,,,STPTAEAEEAGIGDTPSLEDEAAGHVTQAR,,,,,,,,,0.00583170986437396
AD_33,1N,,STPTAEAEEAGIGDTPSLEDEAAGHVTQAR,,,,STPTAEAEEAGIGDTPSLEDEAAGHVTQAR,,,,,,,,,0.00790183678173956
AD_34,1N,,STPTAEAEEAGIGDTPSLEDEAAGHVTQAR,,,,STPTAEAEEAGIGDTPSLEDEAAGHVTQAR,,,,,,,,,0.00775678540225621
AD_35,1N,,STPTAEAEEAGIGDTPSLEDEAAGHVTQAR,,,,STPTAEAEEAGIGDTPSLEDEAAGHVTQAR,,,,,,,,,0.0062161695096636
AD_36,1N,,STPTAEAEEAGIGDTPSLEDEAAGHVTQAR,,,,STPTAEAEEAGIGDTPSLEDEAAGHVTQAR,,,,,,,,,0.00848977849135219
AD_37,1N,,STPTAEAEEAGIGDTPSLEDEAAGHVTQAR,,,,STPTAEAEEAGIGDTPSLEDEAAGHVTQAR,,,,,,,,,0.0152406644879707
CAA_01,1N,,STPTAEAEEAGIGDTPSLEDEAAGHVTQAR,,,,STPTAEAEEAGIGDTPSLEDEAAGHVTQAR,,,,,,,,,0.00681760363103538
CBD_01,1N,,STPTAEAEEAGIGDTPSLEDEAAGHVTQAR,,,,STPTAEAEEAGIGDTPSLEDEAAGHVTQAR,,,,,,,,,0.0105303819111531
CBD_02,1N,,STPTAEAEEAGIGDTPSLEDEAAGHVTQAR,,,,STPTAEAEEAGIGDTPSLEDEAAGHVTQAR,,,,,,,,,0.00711547031317174
CBD_03,1N,,STPTAEAEEAGIGDTPSLEDEAAGHVTQAR,,,,STPTAEAEEAGIGDTPSLEDEAAGHVTQAR,,,,,,,,,0.0102595491344151
CBD_04,1N,,STPTAEAEEAGIGDTPSLEDEAAGHVTQAR,,,,STPTAEAEEAGIGDTPSLEDEAAGHVTQAR,,,,,,,,,0.00475496277776316
CBD_05,1N,,STPTAEAEEAGIGDTPSLEDEAAGHVTQAR,,,,STPTAEAEEAGIGDTPSLEDEAAGHVTQAR,,,,,,,,,0.0118990960711243
CBD_06,1N,,STPTAEAEEAGIGDTPSLEDEAAGHVTQAR,,,,STPTAEAEEAGIGDTPSLEDEAAGHVTQAR,,,,,,,,,0.00904958244878537
CBD_07,1N,,STPTAEAEEAGIGDTPSLEDEAAGHVTQAR,,,,STPTAEAEEAGIGDTPSLEDEAAGHVTQAR,,,,,,,,,0.00883114930700163
CBD_08,1N,,STPTAEAEEAGIGDTPSLEDEAAGHVTQAR,,,,STPTAEAEEAGIGDTPSLEDEAAGHVTQAR,,,,,,,,,0.00980072985272417
CBD_09,1N,,STPTAEAEEAGIGDTPSLEDEAAGHVTQAR,,,,STPTAEAEEAGIGDTPSLEDEAAGHVTQAR,,,,,,,,,0.0192823327883002
CBD_10,1N,,STPTAEAEEAGIGDTPSLEDEAAGHVTQAR,,,,STPTAEAEEAGIGDTPSLEDEAAGHVTQAR,,,,,,,,,0.0117015623042075
CBD_11,1N,,STPTAEAEEAGIGDTPSLEDEAAGHVTQAR,,,,STPTAEAEEAGIGDTPSLEDEAAGHVTQAR,,,,,,,,,0.00863020865503548
CBD_12,1N,,STPTAEAEEAGIGDTPSLEDEAAGHVTQAR,,,,STPTAEAEEAGIGDTPSLEDEAAGHVTQAR,,,,,,,,,0.00606739429039735
CBD_13,1N,,STPTAEAEEAGIGDTPSLEDEAAGHVTQAR,,,,STPTAEAEEAGIGDTPSLEDEAAGHVTQAR,,,,,,,,,0.0196030101045617
CBD_14,1N,,STPTAEAEEAGIGDTPSLEDEAAGHVTQAR,,,,STPTAEAEEAGIGDTPSLEDEAAGHVTQAR,,,,,,,,,0.0106765504712723
CBD_15,1N,,STPTAEAEEAGIGDTPSLEDEAAGHVTQAR,,,,STPTAEAEEAGIGDTPSLEDEAAGHVTQAR,,,,,,,,,0.00963694135665085
CBD_16,1N,,STPTAEAEEAGIGDTPSLEDEAAGHVTQAR,,,,STPTAEAEEAGIGDTPSLEDEAAGHVTQAR,,,,,,,,,0.0121556943860414
CBD_17,1N,,STPTAEAEEAGIGDTPSLEDEAAGHVTQAR,,,,STPTAEAEEAGIGDTPSLEDEAAGHVTQAR,,,,,,,,,0.00841915981133661
CBD_18,1N,,STPTAEAEEAGIGDTPSLEDEAAGHVTQAR,,,,STPTAEAEEAGIGDTPSLEDEAAGHVTQAR,,,,,,,,,0.00797333856669511
CBD_19,1N,,STPTAEAEEAGIGDTPSLEDEAAGHVTQAR,,,,STPTAEAEEAGIGDTPSLEDEAAGHVTQAR,,,,,,,,,0.0130486119161348
CBD_20,1N,,STPTAEAEEAGIGDTPSLEDEAAGHVTQAR,,,,STPTAEAEEAGIGDTPSLEDEAAGHVTQAR,,,,,,,,,0.0150773314692013
CBD_21,1N,,STPTAEAEEAGIGDTPSLEDEAAGHVTQAR,,,,STPTAEAEEAGIGDTPSLEDEAAGHVTQAR,,,,,,,,,0.00943068146237643
CBD_22,1N,,STPTAEAEEAGIGDTPSLEDEAAGHVTQAR,,,,STPTAEAEEAGIGDTPSLEDEAAGHVTQAR,,,,,,,,,0.0143761196588021
CBD_23,1N,,STPTAEAEEAGIGDTPSLEDEAAGHVTQAR,,,,STPTAEAEEAGIGDTPSLEDEAAGHVTQAR,,,,,,,,,0.0106559595650952
CBD_24,1N,,STPTAEAEEAGIGDTPSLEDEAAGHVTQAR,,,,STPTAEAEEAGIGDTPSLEDEAAGHVTQAR,,,,,,,,,0.0144613199335689
CBD_25,1N,,STPTAEAEEAGIGDTPSLEDEAAGHVTQAR,,,,STPTAEAEEAGIGDTPSLEDEAAGHVTQAR,,,,,,,,,0.00832628358900446
CBD_26,1N,,STPTAEAEEAGIGDTPSLEDEAAGHVTQAR,,,,STPTAEAEEAGIGDTPSLEDEAAGHVTQAR,,,,,,,,,0.0106960841525023
CBD_27,1N,,STPTAEAEEAGIGDTPSLEDEAAGHVTQAR,,,,STPTAEAEEAGIGDTPSLEDEAAGHVTQAR,,,,,,,,,0.00839930806631317
CBD_28,1N,,STPTAEAEEAGIGDTPSLEDEAAGHVTQAR,,,,STPTAEAEEAGIGDTPSLEDEAAGHVTQAR,,,,,,,,,0.00825230049865596
CBD_29,1N,,STPTAEAEEAGIGDTPSLEDEAAGHVTQAR,,,,STPTAEAEEAGIGDTPSLEDEAAGHVTQAR,,,,,,,,,0.0101832607942306
CBD_30,1N,,STPTAEAEEAGIGDTPSLEDEAAGHVTQAR,,,,STPTAEAEEAGIGDTPSLEDEAAGHVTQAR,,,,,,,,,0.0132597069036357
CBD_31,1N,,STPTAEAEEAGIGDTPSLEDEAAGHVTQAR,,,,STPTAEAEEAGIGDTPSLEDEAAGHVTQAR,,,,,,,,,0.0124501527331152
CBD_32,1N,,STPTAEAEEAGIGDTPSLEDEAAGHVTQAR,,,,STPTAEAEEAGIGDTPSLEDEAAGHVTQAR,,,,,,,,,0.0116927436275095
CBD_33,1N,,STPTAEAEEAGIGDTPSLEDEAAGHVTQAR,,,,STPTAEAEEAGIGDTPSLEDEAAGHVTQAR,,,,,,,,,0.0140026854456664
CTE_01,1N,,STPTAEAEEAGIGDTPSLEDEAAGHVTQAR,,,,STPTAEAEEAGIGDTPSLEDEAAGHVTQAR,,,,,,,,,0.00969524244309455
CTE_02,1N,,STPTAEAEEAGIGDTPSLEDEAAGHVTQAR,,,,STPTAEAEEAGIGDTPSLEDEAAGHVTQAR,,,,,,,,,0.0138064418111118
CTE_03,1N,,STPTAEAEEAGIGDTPSLEDEAAGHVTQAR,,,,STPTAEAEEAGIGDTPSLEDEAAGHVTQAR,,,,,,,,,0.00848315610736147
CTE_04,1N,,STPTAEAEEAGIGDTPSLEDEAAGHVTQAR,,,,STPTAEAEEAGIGDTPSLEDEAAGHVTQAR,,,,,,,,,0.0119790756675975
CTE_05,1N,,STPTAEAEEAGIGDTPSLEDEAAGHVTQAR,,,,STPTAEAEEAGIGDTPSLEDEAAGHVTQAR,,,,,,,,,0.00752455606564973
CTE_06,1N,,STPTAEAEEAGIGDTPSLEDEAAGHVTQAR,,,,STPTAEAEEAGIGDTPSLEDEAAGHVTQAR,,,,,,,,,0.0164899326978344
CTE_07,1N,,STPTAEAEEAGIGDTPSLEDEAAGHVTQAR,,,,STPTAEAEEAGIGDTPSLEDEAAGHVTQAR,,,,,,,,,0.0103992096751498
CTE_08,1N,,STPTAEAEEAGIGDTPSLEDEAAGHVTQAR,,,,STPTAEAEEAGIGDTPSLEDEAAGHVTQAR,,,,,,,,,0.00989989840429892
CTE_09,1N,,STPTAEAEEAGIGDTPSLEDEAAGHVTQAR,,,,STPTAEAEEAGIGDTPSLEDEAAGHVTQAR,,,,,,,,,0.0131113660699472
CTE_10,1N,,STPTAEAEEAGIGDTPSLEDEAAGHVTQAR,,,,STPTAEAEEAGIGDTPSLEDEAAGHVTQAR,,,,,,,,,0.00277846388298163
CTE_11,1N,,STPTAEAEEAGIGDTPSLEDEAAGHVTQAR,,,,STPTAEAEEAGIGDTPSLEDEAAGHVTQAR,,,,,,,,,0.00124470047881899
CTE_12,1N,,STPTAEAEEAGIGDTPSLEDEAAGHVTQAR,,,,STPTAEAEEAGIGDTPSLEDEAAGHVTQAR,,,,,,,,,0.0124963232384478
CTE_13,1N,,STPTAEAEEAGIGDTPSLEDEAAGHVTQAR,,,,STPTAEAEEAGIGDTPSLEDEAAGHVTQAR,,,,,,,,,0.00582509903630462
CTE_14,1N,,STPTAEAEEAGIGDTPSLEDEAAGHVTQAR,,,,STPTAEAEEAGIGDTPSLEDEAAGHVTQAR,,,,,,,,,0.00250058346096321
CTE_15,1N,,STPTAEAEEAGIGDTPSLEDEAAGHVTQAR,,,,STPTAEAEEAGIGDTPSLEDEAAGHVTQAR,,,,,,,,,0.0104237696877515
CTE_16,1N,,STPTAEAEEAGIGDTPSLEDEAAGHVTQAR,,,,STPTAEAEEAGIGDTPSLEDEAAGHVTQAR,,,,,,,,,0.00849358021688959
CTE_17,1N,,STPTAEAEEAGIGDTPSLEDEAAGHVTQAR,,,,STPTAEAEEAGIGDTPSLEDEAAGHVTQAR,,,,,,,,,0.0133539866286186
CTE_18,1N,,STPTAEAEEAGIGDTPSLEDEAAGHVTQAR,,,,STPTAEAEEAGIGDTPSLEDEAAGHVTQAR,,,,,,,,,0.00730754328223704
CTE_19,1N,,STPTAEAEEAGIGDTPSLEDEAAGHVTQAR,,,,STPTAEAEEAGIGDTPSLEDEAAGHVTQAR,,,,,,,,,0.0102659227354056
CTE_20,1N,,STPTAEAEEAGIGDTPSLEDEAAGHVTQAR,,,,STPTAEAEEAGIGDTPSLEDEAAGHVTQAR,,,,,,,,,0.00738376920002766
CTE_21,1N,,STPTAEAEEAGIGDTPSLEDEAAGHVTQAR,,,,STPTAEAEEAGIGDTPSLEDEAAGHVTQAR,,,,,,,,,0.00770059712270035
CTE_22,1N,,STPTAEAEEAGIGDTPSLEDEAAGHVTQAR,,,,STPTAEAEEAGIGDTPSLEDEAAGHVTQAR,,,,,,,,,0.00870522106956135
CTE_23,1N,,STPTAEAEEAGIGDTPSLEDEAAGHVTQAR,,,,STPTAEAEEAGIGDTPSLEDEAAGHVTQAR,,,,,,,,,0.00609641087254594
CTE_24,1N,,STPTAEAEEAGIGDTPSLEDEAAGHVTQAR,,,,STPTAEAEEAGIGDTPSLEDEAAGHVTQAR,,,,,,,,,0.00951335680117843
CTE_25,1N,,STPTAEAEEAGIGDTPSLEDEAAGHVTQAR,,,,STPTAEAEEAGIGDTPSLEDEAAGHVTQAR,,,,,,,,,0
CTRL_01,1N,,STPTAEAEEAGIGDTPSLEDEAAGHVTQAR,,,,STPTAEAEEAGIGDTPSLEDEAAGHVTQAR,,,,,,,,,0.0342158171317871
CTRL_02,1N,,STPTAEAEEAGIGDTPSLEDEAAGHVTQAR,,,,STPTAEAEEAGIGDTPSLEDEAAGHVTQAR,,,,,,,,,0.0165436914678697
CTRL_03,1N,,STPTAEAEEAGIGDTPSLEDEAAGHVTQAR,,,,STPTAEAEEAGIGDTPSLEDEAAGHVTQAR,,,,,,,,,0.00744266145125013
CTRL_04,1N,,STPTAEAEEAGIGDTPSLEDEAAGHVTQAR,,,,STPTAEAEEAGIGDTPSLEDEAAGHVTQAR,,,,,,,,,0.0256128416485654
CTRL_05,1N,,STPTAEAEEAGIGDTPSLEDEAAGHVTQAR,,,,STPTAEAEEAGIGDTPSLEDEAAGHVTQAR,,,,,,,,,0.014551960247326
CTRL_06,1N,,STPTAEAEEAGIGDTPSLEDEAAGHVTQAR,,,,STPTAEAEEAGIGDTPSLEDEAAGHVTQAR,,,,,,,,,0.0255217870739653
CTRL_07,1N,,STPTAEAEEAGIGDTPSLEDEAAGHVTQAR,,,,STPTAEAEEAGIGDTPSLEDEAAGHVTQAR,,,,,,,,,0.0242941983761665
CTRL_08,1N,,STPTAEAEEAGIGDTPSLEDEAAGHVTQAR,,,,STPTAEAEEAGIGDTPSLEDEAAGHVTQAR,,,,,,,,,0.0277242380525206
CTRL_09,1N,,STPTAEAEEAGIGDTPSLEDEAAGHVTQAR,,,,STPTAEAEEAGIGDTPSLEDEAAGHVTQAR,,,,,,,,,0.0362041436364866
CTRL_10,1N,,STPTAEAEEAGIGDTPSLEDEAAGHVTQAR,,,,STPTAEAEEAGIGDTPSLEDEAAGHVTQAR,,,,,,,,,0.0226414335443318
CTRL_11,1N,,STPTAEAEEAGIGDTPSLEDEAAGHVTQAR,,,,STPTAEAEEAGIGDTPSLEDEAAGHVTQAR,,,,,,,,,0.026527153434841
CTRL_12,1N,,STPTAEAEEAGIGDTPSLEDEAAGHVTQAR,,,,STPTAEAEEAGIGDTPSLEDEAAGHVTQAR,,,,,,,,,0.0233763181397671
CTRL_13,1N,,STPTAEAEEAGIGDTPSLEDEAAGHVTQAR,,,,STPTAEAEEAGIGDTPSLEDEAAGHVTQAR,,,,,,,,,0.030843046301024
CTRL_14,1N,,STPTAEAEEAGIGDTPSLEDEAAGHVTQAR,,,,STPTAEAEEAGIGDTPSLEDEAAGHVTQAR,,,,,,,,,0.0154985035994438
CTRL_15,1N,,STPTAEAEEAGIGDTPSLEDEAAGHVTQAR,,,,STPTAEAEEAGIGDTPSLEDEAAGHVTQAR,,,,,,,,,0.0388926188664067
CTRL_16,1N,,STPTAEAEEAGIGDTPSLEDEAAGHVTQAR,,,,STPTAEAEEAGIGDTPSLEDEAAGHVTQAR,,,,,,,,,0.0524958502524542
CTRL_17,1N,,STPTAEAEEAGIGDTPSLEDEAAGHVTQAR,,,,STPTAEAEEAGIGDTPSLEDEAAGHVTQAR,,,,,,,,,0.0102509679746924
CTRL_18,1N,,STPTAEAEEAGIGDTPSLEDEAAGHVTQAR,,,,STPTAEAEEAGIGDTPSLEDEAAGHVTQAR,,,,,,,,,0.0242108273374785
CTRL_19,1N,,STPTAEAEEAGIGDTPSLEDEAAGHVTQAR,,,,STPTAEAEEAGIGDTPSLEDEAAGHVTQAR,,,,,,,,,0.0114147777600511
CTRL_20,1N,,STPTAEAEEAGIGDTPSLEDEAAGHVTQAR,,,,STPTAEAEEAGIGDTPSLEDEAAGHVTQAR,,,,,,,,,0.0117414759481488
CTRL_21,1N,,STPTAEAEEAGIGDTPSLEDEAAGHVTQAR,,,,STPTAEAEEAGIGDTPSLEDEAAGHVTQAR,,,,,,,,,0.0145958171485527
CTRL_22,1N,,STPTAEAEEAGIGDTPSLEDEAAGHVTQAR,,,,STPTAEAEEAGIGDTPSLEDEAAGHVTQAR,,,,,,,,,0.0162744524050762
CTRL_23,1N,,STPTAEAEEAGIGDTPSLEDEAAGHVTQAR,,,,STPTAEAEEAGIGDTPSLEDEAAGHVTQAR,,,,,,,,,0.0103184128248505
CTRL_24,1N,,STPTAEAEEAGIGDTPSLEDEAAGHVTQAR,,,,STPTAEAEEAGIGDTPSLEDEAAGHVTQAR,,,,,,,,,0.022843035394599
DLB_01,1N,,STPTAEAEEAGIGDTPSLEDEAAGHVTQAR,,,,STPTAEAEEAGIGDTPSLEDEAAGHVTQAR,,,,,,,,,0.027019383149496
DLB_02,1N,,STPTAEAEEAGIGDTPSLEDEAAGHVTQAR,,,,STPTAEAEEAGIGDTPSLEDEAAGHVTQAR,,,,,,,,,0.0300638129853675
DLB_03,1N,,STPTAEAEEAGIGDTPSLEDEAAGHVTQAR,,,,STPTAEAEEAGIGDTPSLEDEAAGHVTQAR,,,,,,,,,0.0262321690491372
DLB_04,1N,,STPTAEAEEAGIGDTPSLEDEAAGHVTQAR,,,,STPTAEAEEAGIGDTPSLEDEAAGHVTQAR,,,,,,,,,0.0139327817884817
DLB_05,1N,,STPTAEAEEAGIGDTPSLEDEAAGHVTQAR,,,,STPTAEAEEAGIGDTPSLEDEAAGHVTQAR,,,,,,,,,0.0164733281756158
DLB_06,1N,,STPTAEAEEAGIGDTPSLEDEAAGHVTQAR,,,,STPTAEAEEAGIGDTPSLEDEAAGHVTQAR,,,,,,,,,0.0149224043990169
DLB_07,1N,,STPTAEAEEAGIGDTPSLEDEAAGHVTQAR,,,,STPTAEAEEAGIGDTPSLEDEAAGHVTQAR,,,,,,,,,0.0156121094063198
DLB_08,1N,,STPTAEAEEAGIGDTPSLEDEAAGHVTQAR,,,,STPTAEAEEAGIGDTPSLEDEAAGHVTQAR,,,,,,,,,0.00931658208559265
DLB_09,1N,,STPTAEAEEAGIGDTPSLEDEAAGHVTQAR,,,,STPTAEAEEAGIGDTPSLEDEAAGHVTQAR,,,,,,,,,0.026020810533756
DLB_10,1N,,STPTAEAEEAGIGDTPSLEDEAAGHVTQAR,,,,STPTAEAEEAGIGDTPSLEDEAAGHVTQAR,,,,,,,,,0.0158136228238901
DLB_11,1N,,STPTAEAEEAGIGDTPSLEDEAAGHVTQAR,,,,STPTAEAEEAGIGDTPSLEDEAAGHVTQAR,,,,,,,,,0.0263781799532292
DLB_12,1N,,STPTAEAEEAGIGDTPSLEDEAAGHVTQAR,,,,STPTAEAEEAGIGDTPSLEDEAAGHVTQAR,,,,,,,,,0.0219549396638798
DLB_13,1N,,STPTAEAEEAGIGDTPSLEDEAAGHVTQAR,,,,STPTAEAEEAGIGDTPSLEDEAAGHVTQAR,,,,,,,,,0.00674177416583247
DLB_14,1N,,STPTAEAEEAGIGDTPSLEDEAAGHVTQAR,,,,STPTAEAEEAGIGDTPSLEDEAAGHVTQAR,,,,,,,,,0.0324466210554568
fAD_26,1N,,STPTAEAEEAGIGDTPSLEDEAAGHVTQAR,,,,STPTAEAEEAGIGDTPSLEDEAAGHVTQAR,,,,,,,,,0.00528438376102452
fAD_27,1N,,STPTAEAEEAGIGDTPSLEDEAAGHVTQAR,,,,STPTAEAEEAGIGDTPSLEDEAAGHVTQAR,,,,,,,,,0.00955715305003752
fAD_28,1N,,STPTAEAEEAGIGDTPSLEDEAAGHVTQAR,,,,STPTAEAEEAGIGDTPSLEDEAAGHVTQAR,,,,,,,,,0.00581514365493049
fAD_29,1N,,STPTAEAEEAGIGDTPSLEDEAAGHVTQAR,,,,STPTAEAEEAGIGDTPSLEDEAAGHVTQAR,,,,,,,,,0.00444811746199769
FTLD-Tau_01,1N,,STPTAEAEEAGIGDTPSLEDEAAGHVTQAR,,,,STPTAEAEEAGIGDTPSLEDEAAGHVTQAR,,,,,,,,,0.00881097128571443
FTLD-Tau_02,1N,,STPTAEAEEAGIGDTPSLEDEAAGHVTQAR,,,,STPTAEAEEAGIGDTPSLEDEAAGHVTQAR,,,,,,,,,0.0117751725551253
FTLD-Tau_03,1N,,STPTAEAEEAGIGDTPSLEDEAAGHVTQAR,,,,STPTAEAEEAGIGDTPSLEDEAAGHVTQAR,,,,,,,,,0.00778282621118894
NPCAD_01,1N,,STPTAEAEEAGIGDTPSLEDEAAGHVTQAR,,,,STPTAEAEEAGIGDTPSLEDEAAGHVTQAR,,,,,,,,,0.008223126951611
NPCAD_02,1N,,STPTAEAEEAGIGDTPSLEDEAAGHVTQAR,,,,STPTAEAEEAGIGDTPSLEDEAAGHVTQAR,,,,,,,,,0.0105116750470214
NPCAD_03,1N,,STPTAEAEEAGIGDTPSLEDEAAGHVTQAR,,,,STPTAEAEEAGIGDTPSLEDEAAGHVTQAR,,,,,,,,,0.0104782890177909
NPCAD_04,1N,,STPTAEAEEAGIGDTPSLEDEAAGHVTQAR,,,,STPTAEAEEAGIGDTPSLEDEAAGHVTQAR,,,,,,,,,0.010305068771637
NPCAD_05,1N,,STPTAEAEEAGIGDTPSLEDEAAGHVTQAR,,,,STPTAEAEEAGIGDTPSLEDEAAGHVTQAR,,,,,,,,,0.00742780262159694
NPCAD_06,1N,,STPTAEAEEAGIGDTPSLEDEAAGHVTQAR,,,,STPTAEAEEAGIGDTPSLEDEAAGHVTQAR,,,,,,,,,0.0064283007970975
NPCAD_07,1N,,STPTAEAEEAGIGDTPSLEDEAAGHVTQAR,,,,STPTAEAEEAGIGDTPSLEDEAAGHVTQAR,,,,,,,,,0.00726409253986245
PiD_01,1N,,STPTAEAEEAGIGDTPSLEDEAAGHVTQAR,,,,STPTAEAEEAGIGDTPSLEDEAAGHVTQAR,,,,,,,,,0.0168609747098717
PiD_02,1N,,STPTAEAEEAGIGDTPSLEDEAAGHVTQAR,,,,STPTAEAEEAGIGDTPSLEDEAAGHVTQAR,,,,,,,,,0.0101612409789931
PiD_03,1N,,STPTAEAEEAGIGDTPSLEDEAAGHVTQAR,,,,STPTAEAEEAGIGDTPSLEDEAAGHVTQAR,,,,,,,,,0.0283695024412188
PiD_04,1N,,STPTAEAEEAGIGDTPSLEDEAAGHVTQAR,,,,STPTAEAEEAGIGDTPSLEDEAAGHVTQAR,,,,,,,,,0.0118835133396258
PiD_05,1N,,STPTAEAEEAGIGDTPSLEDEAAGHVTQAR,,,,STPTAEAEEAGIGDTPSLEDEAAGHVTQAR,,,,,,,,,0.0224660446614249
PiD_06,1N,,STPTAEAEEAGIGDTPSLEDEAAGHVTQAR,,,,STPTAEAEEAGIGDTPSLEDEAAGHVTQAR,,,,,,,,,0.0056880553006951
PiD_07,1N,,STPTAEAEEAGIGDTPSLEDEAAGHVTQAR,,,,STPTAEAEEAGIGDTPSLEDEAAGHVTQAR,,,,,,,,,0.0151816459134973
PiD_08,1N,,STPTAEAEEAGIGDTPSLEDEAAGHVTQAR,,,,STPTAEAEEAGIGDTPSLEDEAAGHVTQAR,,,,,,,,,0.0184000999765506
PiD_09,1N,,STPTAEAEEAGIGDTPSLEDEAAGHVTQAR,,,,STPTAEAEEAGIGDTPSLEDEAAGHVTQAR,,,,,,,,,0.0210497759682223
PiD_10,1N,,STPTAEAEEAGIGDTPSLEDEAAGHVTQAR,,,,STPTAEAEEAGIGDTPSLEDEAAGHVTQAR,,,,,,,,,0.0143390129941787
PiD_11,1N,,STPTAEAEEAGIGDTPSLEDEAAGHVTQAR,,,,STPTAEAEEAGIGDTPSLEDEAAGHVTQAR,,,,,,,,,0.0110980942444251
PiD_12,1N,,STPTAEAEEAGIGDTPSLEDEAAGHVTQAR,,,,STPTAEAEEAGIGDTPSLEDEAAGHVTQAR,,,,,,,,,0.0112377119254523
PiD_13,1N,,STPTAEAEEAGIGDTPSLEDEAAGHVTQAR,,,,STPTAEAEEAGIGDTPSLEDEAAGHVTQAR,,,,,,,,,0.0185462169552109
PiD_14,1N,,STPTAEAEEAGIGDTPSLEDEAAGHVTQAR,,,,STPTAEAEEAGIGDTPSLEDEAAGHVTQAR,,,,,,,,,0.0226230210117967
PiD_15,1N,,STPTAEAEEAGIGDTPSLEDEAAGHVTQAR,,,,STPTAEAEEAGIGDTPSLEDEAAGHVTQAR,,,,,,,,,0.0235981067840092
PiD_16,1N,,STPTAEAEEAGIGDTPSLEDEAAGHVTQAR,,,,STPTAEAEEAGIGDTPSLEDEAAGHVTQAR,,,,,,,,,0.0171043265909926
PiD_17,1N,,STPTAEAEEAGIGDTPSLEDEAAGHVTQAR,,,,STPTAEAEEAGIGDTPSLEDEAAGHVTQAR,,,,,,,,,0.0222921370101913
PiD_18,1N,,STPTAEAEEAGIGDTPSLEDEAAGHVTQAR,,,,STPTAEAEEAGIGDTPSLEDEAAGHVTQAR,,,,,,,,,0.0120148278238002
PiD_19,1N,,STPTAEAEEAGIGDTPSLEDEAAGHVTQAR,,,,STPTAEAEEAGIGDTPSLEDEAAGHVTQAR,,,,,,,,,0.00941791677925765
PiD_20,1N,,STPTAEAEEAGIGDTPSLEDEAAGHVTQAR,,,,STPTAEAEEAGIGDTPSLEDEAAGHVTQAR,,,,,,,,,0.00803680926552506
PSP_01,1N,,STPTAEAEEAGIGDTPSLEDEAAGHVTQAR,,,,STPTAEAEEAGIGDTPSLEDEAAGHVTQAR,,,,,,,,,0.00711835253468501
PSP_02,1N,,STPTAEAEEAGIGDTPSLEDEAAGHVTQAR,,,,STPTAEAEEAGIGDTPSLEDEAAGHVTQAR,,,,,,,,,0.0212227544724519
PSP_03,1N,,STPTAEAEEAGIGDTPSLEDEAAGHVTQAR,,,,STPTAEAEEAGIGDTPSLEDEAAGHVTQAR,,,,,,,,,0.00967722588109306
PSP_04,1N,,STPTAEAEEAGIGDTPSLEDEAAGHVTQAR,,,,STPTAEAEEAGIGDTPSLEDEAAGHVTQAR,,,,,,,,,0.010039898374044
PSP_05,1N,,STPTAEAEEAGIGDTPSLEDEAAGHVTQAR,,,,STPTAEAEEAGIGDTPSLEDEAAGHVTQAR,,,,,,,,,0.0179305755758061
PSP_06,1N,,STPTAEAEEAGIGDTPSLEDEAAGHVTQAR,,,,STPTAEAEEAGIGDTPSLEDEAAGHVTQAR,,,,,,,,,0.00833815115893096
PSP_07,1N,,STPTAEAEEAGIGDTPSLEDEAAGHVTQAR,,,,STPTAEAEEAGIGDTPSLEDEAAGHVTQAR,,,,,,,,,0.0183928503542324
PSP_08,1N,,STPTAEAEEAGIGDTPSLEDEAAGHVTQAR,,,,STPTAEAEEAGIGDTPSLEDEAAGHVTQAR,,,,,,,,,0.0233880254678605
PSP_09,1N,,STPTAEAEEAGIGDTPSLEDEAAGHVTQAR,,,,STPTAEAEEAGIGDTPSLEDEAAGHVTQAR,,,,,,,,,0.018965543802209
PSP_10,1N,,STPTAEAEEAGIGDTPSLEDEAAGHVTQAR,,,,STPTAEAEEAGIGDTPSLEDEAAGHVTQAR,,,,,,,,,0.0209832931201938
PSP_11,1N,,STPTAEAEEAGIGDTPSLEDEAAGHVTQAR,,,,STPTAEAEEAGIGDTPSLEDEAAGHVTQAR,,,,,,,,,0.0231205962105437
PSP_12,1N,,STPTAEAEEAGIGDTPSLEDEAAGHVTQAR,,,,STPTAEAEEAGIGDTPSLEDEAAGHVTQAR,,,,,,,,,0.0249166721339443
PSP_13,1N,,STPTAEAEEAGIGDTPSLEDEAAGHVTQAR,,,,STPTAEAEEAGIGDTPSLEDEAAGHVTQAR,,,,,,,,,0.0284231779791831
PSP_14,1N,,STPTAEAEEAGIGDTPSLEDEAAGHVTQAR,,,,STPTAEAEEAGIGDTPSLEDEAAGHVTQAR,,,,,,,,,0.0307655139172764
PSP_15,1N,,STPTAEAEEAGIGDTPSLEDEAAGHVTQAR,,,,STPTAEAEEAGIGDTPSLEDEAAGHVTQAR,,,,,,,,,0.0298614495716123
PSP_16,1N,,STPTAEAEEAGIGDTPSLEDEAAGHVTQAR,,,,STPTAEAEEAGIGDTPSLEDEAAGHVTQAR,,,,,,,,,0.0326664881854787
PSP_17,1N,,STPTAEAEEAGIGDTPSLEDEAAGHVTQAR,,,,STPTAEAEEAGIGDTPSLEDEAAGHVTQAR,,,,,,,,,0.0210421875364489
PSP_18,1N,,STPTAEAEEAGIGDTPSLEDEAAGHVTQAR,,,,STPTAEAEEAGIGDTPSLEDEAAGHVTQAR,,,,,,,,,0.00922010808681154
PSP_19,1N,,STPTAEAEEAGIGDTPSLEDEAAGHVTQAR,,,,STPTAEAEEAGIGDTPSLEDEAAGHVTQAR,,,,,,,,,0.0289729489785979
PSP_20,1N,,STPTAEAEEAGIGDTPSLEDEAAGHVTQAR,,,,STPTAEAEEAGIGDTPSLEDEAAGHVTQAR,,,,,,,,,0.0169918354074453
PSP_21,1N,,STPTAEAEEAGIGDTPSLEDEAAGHVTQAR,,,,STPTAEAEEAGIGDTPSLEDEAAGHVTQAR,,,,,,,,,0.0204234697305555
PSP_22,1N,,STPTAEAEEAGIGDTPSLEDEAAGHVTQAR,,,,STPTAEAEEAGIGDTPSLEDEAAGHVTQAR,,,,,,,,,0.0201171013590351
PSP_23,1N,,STPTAEAEEAGIGDTPSLEDEAAGHVTQAR,,,,STPTAEAEEAGIGDTPSLEDEAAGHVTQAR,,,,,,,,,0.0155829174589123
PSP_24,1N,,STPTAEAEEAGIGDTPSLEDEAAGHVTQAR,,,,STPTAEAEEAGIGDTPSLEDEAAGHVTQAR,,,,,,,,,0.0213756225858237
PSP_25,1N,,STPTAEAEEAGIGDTPSLEDEAAGHVTQAR,,,,STPTAEAEEAGIGDTPSLEDEAAGHVTQAR,,,,,,,,,0.0303163069408886
PSP_26,1N,,STPTAEAEEAGIGDTPSLEDEAAGHVTQAR,,,,STPTAEAEEAGIGDTPSLEDEAAGHVTQAR,,,,,,,,,0.0157208271334082
PSP_27,1N,,STPTAEAEEAGIGDTPSLEDEAAGHVTQAR,,,,STPTAEAEEAGIGDTPSLEDEAAGHVTQAR,,,,,,,,,0.0172569505705555
PSP_28,1N,,STPTAEAEEAGIGDTPSLEDEAAGHVTQAR,,,,STPTAEAEEAGIGDTPSLEDEAAGHVTQAR,,,,,,,,,0.0161225766731349
PSP_29,1N,,STPTAEAEEAGIGDTPSLEDEAAGHVTQAR,,,,STPTAEAEEAGIGDTPSLEDEAAGHVTQAR,,,,,,,,,0.0179830030003258
PSP_30,1N,,STPTAEAEEAGIGDTPSLEDEAAGHVTQAR,,,,STPTAEAEEAGIGDTPSLEDEAAGHVTQAR,,,,,,,,,0.0122537872640144
PSP_31,1N,,STPTAEAEEAGIGDTPSLEDEAAGHVTQAR,,,,STPTAEAEEAGIGDTPSLEDEAAGHVTQAR,,,,,,,,,0.0146002390358165
PSP_32,1N,,STPTAEAEEAGIGDTPSLEDEAAGHVTQAR,,,,STPTAEAEEAGIGDTPSLEDEAAGHVTQAR,,,,,,,,,0.0139739899538985
PSP_33,1N,,STPTAEAEEAGIGDTPSLEDEAAGHVTQAR,,,,STPTAEAEEAGIGDTPSLEDEAAGHVTQAR,,,,,,,,,0.0212966991563842
PSP_34,1N,,STPTAEAEEAGIGDTPSLEDEAAGHVTQAR,,,,STPTAEAEEAGIGDTPSLEDEAAGHVTQAR,,,,,,,,,0.0117585248226497
PSP_35,1N,,STPTAEAEEAGIGDTPSLEDEAAGHVTQAR,,,,STPTAEAEEAGIGDTPSLEDEAAGHVTQAR,,,,,,,,,0.0180261620356827
PSP_36,1N,,STPTAEAEEAGIGDTPSLEDEAAGHVTQAR,,,,STPTAEAEEAGIGDTPSLEDEAAGHVTQAR,,,,,,,,,0.0187066632903614
PSP_37,1N,,STPTAEAEEAGIGDTPSLEDEAAGHVTQAR,,,,STPTAEAEEAGIGDTPSLEDEAAGHVTQAR,,,,,,,,,0.00868943859838312
PSP_38,1N,,STPTAEAEEAGIGDTPSLEDEAAGHVTQAR,,,,STPTAEAEEAGIGDTPSLEDEAAGHVTQAR,,,,,,,,,0.023250618683434
PSP_39,1N,,STPTAEAEEAGIGDTPSLEDEAAGHVTQAR,,,,STPTAEAEEAGIGDTPSLEDEAAGHVTQAR,,,,,,,,,0.0118155903876102
PSP_40,1N,,STPTAEAEEAGIGDTPSLEDEAAGHVTQAR,,,,STPTAEAEEAGIGDTPSLEDEAAGHVTQAR,,,,,,,,,0.00678958327498377
AD_01,2N,,STPTAEDVTPPLVDEGAPGK,,,,STPTAEDVTPPLVDEGAPGK,,,,,,,,,0.00199811872300858
AD_02,2N,,STPTAEDVTPPLVDEGAPGK,,,,STPTAEDVTPPLVDEGAPGK,,,,,,,,,0.00329876366439894
AD_03,2N,,STPTAEDVTPPLVDEGAPGK,,,,STPTAEDVTPPLVDEGAPGK,,,,,,,,,0.0107042047682052
AD_04,2N,,STPTAEDVTPPLVDEGAPGK,,,,STPTAEDVTPPLVDEGAPGK,,,,,,,,,0.0138147015388571
AD_05,2N,,STPTAEDVTPPLVDEGAPGK,,,,STPTAEDVTPPLVDEGAPGK,,,,,,,,,0.00221381207580966
AD_06,2N,,STPTAEDVTPPLVDEGAPGK,,,,STPTAEDVTPPLVDEGAPGK,,,,,,,,,0.00370385555201407
AD_07,2N,,STPTAEDVTPPLVDEGAPGK,,,,STPTAEDVTPPLVDEGAPGK,,,,,,,,,0.00621969159312098
AD_08,2N,,STPTAEDVTPPLVDEGAPGK,,,,STPTAEDVTPPLVDEGAPGK,,,,,,,,,0.00592262770527131
AD_09,2N,,STPTAEDVTPPLVDEGAPGK,,,,STPTAEDVTPPLVDEGAPGK,,,,,,,,,0.0050030177795284
AD_10,2N,,STPTAEDVTPPLVDEGAPGK,,,,STPTAEDVTPPLVDEGAPGK,,,,,,,,,0.0022874654783168
AD_11,2N,,STPTAEDVTPPLVDEGAPGK,,,,STPTAEDVTPPLVDEGAPGK,,,,,,,,,0.00358402133656167
AD_12,2N,,STPTAEDVTPPLVDEGAPGK,,,,STPTAEDVTPPLVDEGAPGK,,,,,,,,,0.00507947630406447
AD_13,2N,,STPTAEDVTPPLVDEGAPGK,,,,STPTAEDVTPPLVDEGAPGK,,,,,,,,,0.00240959633665803
AD_14,2N,,STPTAEDVTPPLVDEGAPGK,,,,STPTAEDVTPPLVDEGAPGK,,,,,,,,,0.0056883257515711
AD_15,2N,,STPTAEDVTPPLVDEGAPGK,,,,STPTAEDVTPPLVDEGAPGK,,,,,,,,,0.0025274404382352
AD_16,2N,,STPTAEDVTPPLVDEGAPGK,,,,STPTAEDVTPPLVDEGAPGK,,,,,,,,,0.00716505144938204
AD_17,2N,,STPTAEDVTPPLVDEGAPGK,,,,STPTAEDVTPPLVDEGAPGK,,,,,,,,,0.010752713450428
AD_18,2N,,STPTAEDVTPPLVDEGAPGK,,,,STPTAEDVTPPLVDEGAPGK,,,,,,,,,0.0066465421116579
AD_19,2N,,STPTAEDVTPPLVDEGAPGK,,,,STPTAEDVTPPLVDEGAPGK,,,,,,,,,0.00381849261768499
AD_20,2N,,STPTAEDVTPPLVDEGAPGK,,,,STPTAEDVTPPLVDEGAPGK,,,,,,,,,0.010002115297337
AD_21,2N,,STPTAEDVTPPLVDEGAPGK,,,,STPTAEDVTPPLVDEGAPGK,,,,,,,,,0.00226971528955878
AD_22,2N,,STPTAEDVTPPLVDEGAPGK,,,,STPTAEDVTPPLVDEGAPGK,,,,,,,,,0.00287441453129396
AD_23,2N,,STPTAEDVTPPLVDEGAPGK,,,,STPTAEDVTPPLVDEGAPGK,,,,,,,,,0.00521285430345948
AD_24,2N,,STPTAEDVTPPLVDEGAPGK,,,,STPTAEDVTPPLVDEGAPGK,,,,,,,,,0.00327180871508356
AD_25,2N,,STPTAEDVTPPLVDEGAPGK,,,,STPTAEDVTPPLVDEGAPGK,,,,,,,,,0.00434163368520509
AD_30,2N,,STPTAEDVTPPLVDEGAPGK,,,,STPTAEDVTPPLVDEGAPGK,,,,,,,,,0.00327741348913563
AD_31,2N,,STPTAEDVTPPLVDEGAPGK,,,,STPTAEDVTPPLVDEGAPGK,,,,,,,,,0.00758918161677055
AD_32,2N,,STPTAEDVTPPLVDEGAPGK,,,,STPTAEDVTPPLVDEGAPGK,,,,,,,,,0.00262413494290461
AD_33,2N,,STPTAEDVTPPLVDEGAPGK,,,,STPTAEDVTPPLVDEGAPGK,,,,,,,,,0.00255478701181244
AD_34,2N,,STPTAEDVTPPLVDEGAPGK,,,,STPTAEDVTPPLVDEGAPGK,,,,,,,,,0.00348076129143913
AD_35,2N,,STPTAEDVTPPLVDEGAPGK,,,,STPTAEDVTPPLVDEGAPGK,,,,,,,,,0.00337470998743226
AD_36,2N,,STPTAEDVTPPLVDEGAPGK,,,,STPTAEDVTPPLVDEGAPGK,,,,,,,,,0.00477501006255189
AD_37,2N,,STPTAEDVTPPLVDEGAPGK,,,,STPTAEDVTPPLVDEGAPGK,,,,,,,,,0.0147436012102967
CAA_01,2N,,STPTAEDVTPPLVDEGAPGK,,,,STPTAEDVTPPLVDEGAPGK,,,,,,,,,0.00472242994691732
CBD_01,2N,,STPTAEDVTPPLVDEGAPGK,,,,STPTAEDVTPPLVDEGAPGK,,,,,,,,,0.00267490492822666
CBD_02,2N,,STPTAEDVTPPLVDEGAPGK,,,,STPTAEDVTPPLVDEGAPGK,,,,,,,,,0.00271428340701821
CBD_03,2N,,STPTAEDVTPPLVDEGAPGK,,,,STPTAEDVTPPLVDEGAPGK,,,,,,,,,0.00423418151564176
CBD_04,2N,,STPTAEDVTPPLVDEGAPGK,,,,STPTAEDVTPPLVDEGAPGK,,,,,,,,,0.00249013004019755
CBD_05,2N,,STPTAEDVTPPLVDEGAPGK,,,,STPTAEDVTPPLVDEGAPGK,,,,,,,,,0.00421705951397137
CBD_06,2N,,STPTAEDVTPPLVDEGAPGK,,,,STPTAEDVTPPLVDEGAPGK,,,,,,,,,0.00259243884618344
CBD_07,2N,,STPTAEDVTPPLVDEGAPGK,,,,STPTAEDVTPPLVDEGAPGK,,,,,,,,,0.00299778735391296
CBD_08,2N,,STPTAEDVTPPLVDEGAPGK,,,,STPTAEDVTPPLVDEGAPGK,,,,,,,,,0.00453938017389669
CBD_09,2N,,STPTAEDVTPPLVDEGAPGK,,,,STPTAEDVTPPLVDEGAPGK,,,,,,,,,0.00946144275268899
CBD_10,2N,,STPTAEDVTPPLVDEGAPGK,,,,STPTAEDVTPPLVDEGAPGK,,,,,,,,,0.00646397479410275
CBD_11,2N,,STPTAEDVTPPLVDEGAPGK,,,,STPTAEDVTPPLVDEGAPGK,,,,,,,,,0.00378519780207782
CBD_12,2N,,STPTAEDVTPPLVDEGAPGK,,,,STPTAEDVTPPLVDEGAPGK,,,,,,,,,0.00253645545315523
CBD_13,2N,,STPTAEDVTPPLVDEGAPGK,,,,STPTAEDVTPPLVDEGAPGK,,,,,,,,,0.00889796615259524
CBD_14,2N,,STPTAEDVTPPLVDEGAPGK,,,,STPTAEDVTPPLVDEGAPGK,,,,,,,,,0.00878664918215832
CBD_15,2N,,STPTAEDVTPPLVDEGAPGK,,,,STPTAEDVTPPLVDEGAPGK,,,,,,,,,0.00436821719761838
CBD_16,2N,,STPTAEDVTPPLVDEGAPGK,,,,STPTAEDVTPPLVDEGAPGK,,,,,,,,,0.00743219427915621
CBD_17,2N,,STPTAEDVTPPLVDEGAPGK,,,,STPTAEDVTPPLVDEGAPGK,,,,,,,,,0.00524177853036936
CBD_18,2N,,STPTAEDVTPPLVDEGAPGK,,,,STPTAEDVTPPLVDEGAPGK,,,,,,,,,0.00422869904284094
CBD_19,2N,,STPTAEDVTPPLVDEGAPGK,,,,STPTAEDVTPPLVDEGAPGK,,,,,,,,,0.00264889712763171
CBD_20,2N,,STPTAEDVTPPLVDEGAPGK,,,,STPTAEDVTPPLVDEGAPGK,,,,,,,,,0.00268306541867085
CBD_21,2N,,STPTAEDVTPPLVDEGAPGK,,,,STPTAEDVTPPLVDEGAPGK,,,,,,,,,0.00211541576658403
CBD_22,2N,,STPTAEDVTPPLVDEGAPGK,,,,STPTAEDVTPPLVDEGAPGK,,,,,,,,,0.00233390556520713
CBD_23,2N,,STPTAEDVTPPLVDEGAPGK,,,,STPTAEDVTPPLVDEGAPGK,,,,,,,,,0.00312505043491625
CBD_24,2N,,STPTAEDVTPPLVDEGAPGK,,,,STPTAEDVTPPLVDEGAPGK,,,,,,,,,0.00299745379618699
CBD_25,2N,,STPTAEDVTPPLVDEGAPGK,,,,STPTAEDVTPPLVDEGAPGK,,,,,,,,,0.00224393831978456
CBD_26,2N,,STPTAEDVTPPLVDEGAPGK,,,,STPTAEDVTPPLVDEGAPGK,,,,,,,,,0.0023894823145701
CBD_27,2N,,STPTAEDVTPPLVDEGAPGK,,,,STPTAEDVTPPLVDEGAPGK,,,,,,,,,0.00157237780415782
CBD_28,2N,,STPTAEDVTPPLVDEGAPGK,,,,STPTAEDVTPPLVDEGAPGK,,,,,,,,,0.00341350052194636
CBD_29,2N,,STPTAEDVTPPLVDEGAPGK,,,,STPTAEDVTPPLVDEGAPGK,,,,,,,,,0.00328830599320179
CBD_30,2N,,STPTAEDVTPPLVDEGAPGK,,,,STPTAEDVTPPLVDEGAPGK,,,,,,,,,0.00329985629174064
CBD_31,2N,,STPTAEDVTPPLVDEGAPGK,,,,STPTAEDVTPPLVDEGAPGK,,,,,,,,,0.00164118582151994
CBD_32,2N,,STPTAEDVTPPLVDEGAPGK,,,,STPTAEDVTPPLVDEGAPGK,,,,,,,,,0.00169774597082173
CBD_33,2N,,STPTAEDVTPPLVDEGAPGK,,,,STPTAEDVTPPLVDEGAPGK,,,,,,,,,0.00360419838756573
CTE_01,2N,,STPTAEDVTPPLVDEGAPGK,,,,STPTAEDVTPPLVDEGAPGK,,,,,,,,,0.00466736844493521
CTE_02,2N,,STPTAEDVTPPLVDEGAPGK,,,,STPTAEDVTPPLVDEGAPGK,,,,,,,,,0.00601984903586091
CTE_03,2N,,STPTAEDVTPPLVDEGAPGK,,,,STPTAEDVTPPLVDEGAPGK,,,,,,,,,0.00396840637204875
CTE_04,2N,,STPTAEDVTPPLVDEGAPGK,,,,STPTAEDVTPPLVDEGAPGK,,,,,,,,,0.00520538158345633
CTE_05,2N,,STPTAEDVTPPLVDEGAPGK,,,,STPTAEDVTPPLVDEGAPGK,,,,,,,,,0.00517015416972952
CTE_06,2N,,STPTAEDVTPPLVDEGAPGK,,,,STPTAEDVTPPLVDEGAPGK,,,,,,,,,0.00498626429420167
CTE_07,2N,,STPTAEDVTPPLVDEGAPGK,,,,STPTAEDVTPPLVDEGAPGK,,,,,,,,,0.0086341949118256
CTE_08,2N,,STPTAEDVTPPLVDEGAPGK,,,,STPTAEDVTPPLVDEGAPGK,,,,,,,,,0.00596062533082318
CTE_09,2N,,STPTAEDVTPPLVDEGAPGK,,,,STPTAEDVTPPLVDEGAPGK,,,,,,,,,0.00589075826425202
CTE_10,2N,,STPTAEDVTPPLVDEGAPGK,,,,STPTAEDVTPPLVDEGAPGK,,,,,,,,,0.00236340957238392
CTE_11,2N,,STPTAEDVTPPLVDEGAPGK,,,,STPTAEDVTPPLVDEGAPGK,,,,,,,,,0.00687627121033327
CTE_12,2N,,STPTAEDVTPPLVDEGAPGK,,,,STPTAEDVTPPLVDEGAPGK,,,,,,,,,0.00684350848956461
CTE_13,2N,,STPTAEDVTPPLVDEGAPGK,,,,STPTAEDVTPPLVDEGAPGK,,,,,,,,,0.00615273151531243
CTE_14,2N,,STPTAEDVTPPLVDEGAPGK,,,,STPTAEDVTPPLVDEGAPGK,,,,,,,,,0.00153139907053651
CTE_15,2N,,STPTAEDVTPPLVDEGAPGK,,,,STPTAEDVTPPLVDEGAPGK,,,,,,,,,0.00539415698622302
CTE_16,2N,,STPTAEDVTPPLVDEGAPGK,,,,STPTAEDVTPPLVDEGAPGK,,,,,,,,,0.0017781416280816
CTE_17,2N,,STPTAEDVTPPLVDEGAPGK,,,,STPTAEDVTPPLVDEGAPGK,,,,,,,,,0.00613849661069132
CTE_18,2N,,STPTAEDVTPPLVDEGAPGK,,,,STPTAEDVTPPLVDEGAPGK,,,,,,,,,0.00480780231440695
CTE_19,2N,,STPTAEDVTPPLVDEGAPGK,,,,STPTAEDVTPPLVDEGAPGK,,,,,,,,,0.00572652866133556
CTE_20,2N,,STPTAEDVTPPLVDEGAPGK,,,,STPTAEDVTPPLVDEGAPGK,,,,,,,,,0.00326336338561396
CTE_21,2N,,STPTAEDVTPPLVDEGAPGK,,,,STPTAEDVTPPLVDEGAPGK,,,,,,,,,0.00434802723511156
CTE_22,2N,,STPTAEDVTPPLVDEGAPGK,,,,STPTAEDVTPPLVDEGAPGK,,,,,,,,,0.00599168491511057
CTE_23,2N,,STPTAEDVTPPLVDEGAPGK,,,,STPTAEDVTPPLVDEGAPGK,,,,,,,,,0.00552535941228203
CTE_24,2N,,STPTAEDVTPPLVDEGAPGK,,,,STPTAEDVTPPLVDEGAPGK,,,,,,,,,0.00502625702799313
CTE_25,2N,,STPTAEDVTPPLVDEGAPGK,,,,STPTAEDVTPPLVDEGAPGK,,,,,,,,,0
CTRL_01,2N,,STPTAEDVTPPLVDEGAPGK,,,,STPTAEDVTPPLVDEGAPGK,,,,,,,,,0.012177816283684
CTRL_02,2N,,STPTAEDVTPPLVDEGAPGK,,,,STPTAEDVTPPLVDEGAPGK,,,,,,,,,0.00648596149137975
CTRL_03,2N,,STPTAEDVTPPLVDEGAPGK,,,,STPTAEDVTPPLVDEGAPGK,,,,,,,,,0.00419988146285719
CTRL_04,2N,,STPTAEDVTPPLVDEGAPGK,,,,STPTAEDVTPPLVDEGAPGK,,,,,,,,,0.00913315224113471
CTRL_05,2N,,STPTAEDVTPPLVDEGAPGK,,,,STPTAEDVTPPLVDEGAPGK,,,,,,,,,0.0109485757782655
CTRL_06,2N,,STPTAEDVTPPLVDEGAPGK,,,,STPTAEDVTPPLVDEGAPGK,,,,,,,,,0.008540831827363
CTRL_07,2N,,STPTAEDVTPPLVDEGAPGK,,,,STPTAEDVTPPLVDEGAPGK,,,,,,,,,0.00959360053722561
CTRL_08,2N,,STPTAEDVTPPLVDEGAPGK,,,,STPTAEDVTPPLVDEGAPGK,,,,,,,,,0.00859477887365109
CTRL_09,2N,,STPTAEDVTPPLVDEGAPGK,,,,STPTAEDVTPPLVDEGAPGK,,,,,,,,,0.0120237126863921
CTRL_10,2N,,STPTAEDVTPPLVDEGAPGK,,,,STPTAEDVTPPLVDEGAPGK,,,,,,,,,0.0106368056798907
CTRL_11,2N,,STPTAEDVTPPLVDEGAPGK,,,,STPTAEDVTPPLVDEGAPGK,,,,,,,,,0.0161165954201505
CTRL_12,2N,,STPTAEDVTPPLVDEGAPGK,,,,STPTAEDVTPPLVDEGAPGK,,,,,,,,,0.00657700362668502
CTRL_13,2N,,STPTAEDVTPPLVDEGAPGK,,,,STPTAEDVTPPLVDEGAPGK,,,,,,,,,0.0116498396052205
CTRL_14,2N,,STPTAEDVTPPLVDEGAPGK,,,,STPTAEDVTPPLVDEGAPGK,,,,,,,,,0.0126587463442587
CTRL_15,2N,,STPTAEDVTPPLVDEGAPGK,,,,STPTAEDVTPPLVDEGAPGK,,,,,,,,,0.0125003894983177
CTRL_16,2N,,STPTAEDVTPPLVDEGAPGK,,,,STPTAEDVTPPLVDEGAPGK,,,,,,,,,0.00623539601141251
CTRL_17,2N,,STPTAEDVTPPLVDEGAPGK,,,,STPTAEDVTPPLVDEGAPGK,,,,,,,,,0.0121357274385625
CTRL_18,2N,,STPTAEDVTPPLVDEGAPGK,,,,STPTAEDVTPPLVDEGAPGK,,,,,,,,,0
CTRL_19,2N,,STPTAEDVTPPLVDEGAPGK,,,,STPTAEDVTPPLVDEGAPGK,,,,,,,,,0
CTRL_20,2N,,STPTAEDVTPPLVDEGAPGK,,,,STPTAEDVTPPLVDEGAPGK,,,,,,,,,0
CTRL_21,2N,,STPTAEDVTPPLVDEGAPGK,,,,STPTAEDVTPPLVDEGAPGK,,,,,,,,,0.00447627677602968
CTRL_22,2N,,STPTAEDVTPPLVDEGAPGK,,,,STPTAEDVTPPLVDEGAPGK,,,,,,,,,0.00632690302502999
CTRL_23,2N,,STPTAEDVTPPLVDEGAPGK,,,,STPTAEDVTPPLVDEGAPGK,,,,,,,,,0.0105019728058449
CTRL_24,2N,,STPTAEDVTPPLVDEGAPGK,,,,STPTAEDVTPPLVDEGAPGK,,,,,,,,,0.00849654440814391
DLB_01,2N,,STPTAEDVTPPLVDEGAPGK,,,,STPTAEDVTPPLVDEGAPGK,,,,,,,,,0.0160772236964961
DLB_02,2N,,STPTAEDVTPPLVDEGAPGK,,,,STPTAEDVTPPLVDEGAPGK,,,,,,,,,0.0158940629228236
DLB_03,2N,,STPTAEDVTPPLVDEGAPGK,,,,STPTAEDVTPPLVDEGAPGK,,,,,,,,,0.0101337712231496
DLB_04,2N,,STPTAEDVTPPLVDEGAPGK,,,,STPTAEDVTPPLVDEGAPGK,,,,,,,,,0.0115014879637483
DLB_05,2N,,STPTAEDVTPPLVDEGAPGK,,,,STPTAEDVTPPLVDEGAPGK,,,,,,,,,0.00938540304795792
DLB_06,2N,,STPTAEDVTPPLVDEGAPGK,,,,STPTAEDVTPPLVDEGAPGK,,,,,,,,,0.00619431279459051
DLB_07,2N,,STPTAEDVTPPLVDEGAPGK,,,,STPTAEDVTPPLVDEGAPGK,,,,,,,,,0.00987453977993711
DLB_08,2N,,STPTAEDVTPPLVDEGAPGK,,,,STPTAEDVTPPLVDEGAPGK,,,,,,,,,0.00619005252162309
DLB_09,2N,,STPTAEDVTPPLVDEGAPGK,,,,STPTAEDVTPPLVDEGAPGK,,,,,,,,,0.0125856293506462
DLB_10,2N,,STPTAEDVTPPLVDEGAPGK,,,,STPTAEDVTPPLVDEGAPGK,,,,,,,,,0.00696570162809739
DLB_11,2N,,STPTAEDVTPPLVDEGAPGK,,,,STPTAEDVTPPLVDEGAPGK,,,,,,,,,0.0114103336146551
DLB_12,2N,,STPTAEDVTPPLVDEGAPGK,,,,STPTAEDVTPPLVDEGAPGK,,,,,,,,,0.0101989513409023
DLB_13,2N,,STPTAEDVTPPLVDEGAPGK,,,,STPTAEDVTPPLVDEGAPGK,,,,,,,,,0.00739607687684844
DLB_14,2N,,STPTAEDVTPPLVDEGAPGK,,,,STPTAEDVTPPLVDEGAPGK,,,,,,,,,0.0122365975141439
fAD_26,2N,,STPTAEDVTPPLVDEGAPGK,,,,STPTAEDVTPPLVDEGAPGK,,,,,,,,,0.0028710134646001
fAD_27,2N,,STPTAEDVTPPLVDEGAPGK,,,,STPTAEDVTPPLVDEGAPGK,,,,,,,,,0.00504083074403635
fAD_28,2N,,STPTAEDVTPPLVDEGAPGK,,,,STPTAEDVTPPLVDEGAPGK,,,,,,,,,0.00243459811012931
fAD_29,2N,,STPTAEDVTPPLVDEGAPGK,,,,STPTAEDVTPPLVDEGAPGK,,,,,,,,,0.0022258386122238
FTLD-Tau_01,2N,,STPTAEDVTPPLVDEGAPGK,,,,STPTAEDVTPPLVDEGAPGK,,,,,,,,,0.00619207276074289
FTLD-Tau_02,2N,,STPTAEDVTPPLVDEGAPGK,,,,STPTAEDVTPPLVDEGAPGK,,,,,,,,,0.00333647329129915
FTLD-Tau_03,2N,,STPTAEDVTPPLVDEGAPGK,,,,STPTAEDVTPPLVDEGAPGK,,,,,,,,,0.00389476474689765
NPCAD_01,2N,,STPTAEDVTPPLVDEGAPGK,,,,STPTAEDVTPPLVDEGAPGK,,,,,,,,,0.00356445683749152
NPCAD_02,2N,,STPTAEDVTPPLVDEGAPGK,,,,STPTAEDVTPPLVDEGAPGK,,,,,,,,,0.00571972371349251
NPCAD_03,2N,,STPTAEDVTPPLVDEGAPGK,,,,STPTAEDVTPPLVDEGAPGK,,,,,,,,,0.00452131970592232
NPCAD_04,2N,,STPTAEDVTPPLVDEGAPGK,,,,STPTAEDVTPPLVDEGAPGK,,,,,,,,,0.00583289513842254
NPCAD_05,2N,,STPTAEDVTPPLVDEGAPGK,,,,STPTAEDVTPPLVDEGAPGK,,,,,,,,,0.00433642038163532
NPCAD_06,2N,,STPTAEDVTPPLVDEGAPGK,,,,STPTAEDVTPPLVDEGAPGK,,,,,,,,,0.00263678670229478
NPCAD_07,2N,,STPTAEDVTPPLVDEGAPGK,,,,STPTAEDVTPPLVDEGAPGK,,,,,,,,,0.0032719674354458
PiD_01,2N,,STPTAEDVTPPLVDEGAPGK,,,,STPTAEDVTPPLVDEGAPGK,,,,,,,,,0.00766316341566396
PiD_02,2N,,STPTAEDVTPPLVDEGAPGK,,,,STPTAEDVTPPLVDEGAPGK,,,,,,,,,0.00529565105951381
PiD_03,2N,,STPTAEDVTPPLVDEGAPGK,,,,STPTAEDVTPPLVDEGAPGK,,,,,,,,,0
PiD_04,2N,,STPTAEDVTPPLVDEGAPGK,,,,STPTAEDVTPPLVDEGAPGK,,,,,,,,,0.00830564855413295
PiD_05,2N,,STPTAEDVTPPLVDEGAPGK,,,,STPTAEDVTPPLVDEGAPGK,,,,,,,,,0.00985062063258294
PiD_06,2N,,STPTAEDVTPPLVDEGAPGK,,,,STPTAEDVTPPLVDEGAPGK,,,,,,,,,0.00303142040284541
PiD_07,2N,,STPTAEDVTPPLVDEGAPGK,,,,STPTAEDVTPPLVDEGAPGK,,,,,,,,,0.00561884797570638
PiD_08,2N,,STPTAEDVTPPLVDEGAPGK,,,,STPTAEDVTPPLVDEGAPGK,,,,,,,,,0.00895058465806883
PiD_09,2N,,STPTAEDVTPPLVDEGAPGK,,,,STPTAEDVTPPLVDEGAPGK,,,,,,,,,0.0114950193732824
PiD_10,2N,,STPTAEDVTPPLVDEGAPGK,,,,STPTAEDVTPPLVDEGAPGK,,,,,,,,,0.00615243672832758
PiD_11,2N,,STPTAEDVTPPLVDEGAPGK,,,,STPTAEDVTPPLVDEGAPGK,,,,,,,,,0.00473471697091617
PiD_12,2N,,STPTAEDVTPPLVDEGAPGK,,,,STPTAEDVTPPLVDEGAPGK,,,,,,,,,0.00574645319805383
PiD_13,2N,,STPTAEDVTPPLVDEGAPGK,,,,STPTAEDVTPPLVDEGAPGK,,,,,,,,,0.00945288194898393
PiD_14,2N,,STPTAEDVTPPLVDEGAPGK,,,,STPTAEDVTPPLVDEGAPGK,,,,,,,,,0.00961596590328961
PiD_15,2N,,STPTAEDVTPPLVDEGAPGK,,,,STPTAEDVTPPLVDEGAPGK,,,,,,,,,0.00966140477893069
PiD_16,2N,,STPTAEDVTPPLVDEGAPGK,,,,STPTAEDVTPPLVDEGAPGK,,,,,,,,,0.00666401242368331
PiD_17,2N,,STPTAEDVTPPLVDEGAPGK,,,,STPTAEDVTPPLVDEGAPGK,,,,,,,,,0.0140471183475967
PiD_18,2N,,STPTAEDVTPPLVDEGAPGK,,,,STPTAEDVTPPLVDEGAPGK,,,,,,,,,0.0102641247436833
PiD_19,2N,,STPTAEDVTPPLVDEGAPGK,,,,STPTAEDVTPPLVDEGAPGK,,,,,,,,,0
PiD_20,2N,,STPTAEDVTPPLVDEGAPGK,,,,STPTAEDVTPPLVDEGAPGK,,,,,,,,,0.00491610410076328
PSP_01,2N,,STPTAEDVTPPLVDEGAPGK,,,,STPTAEDVTPPLVDEGAPGK,,,,,,,,,0.00220786580809495
PSP_02,2N,,STPTAEDVTPPLVDEGAPGK,,,,STPTAEDVTPPLVDEGAPGK,,,,,,,,,0.0088952441824422
PSP_03,2N,,STPTAEDVTPPLVDEGAPGK,,,,STPTAEDVTPPLVDEGAPGK,,,,,,,,,0.00423308839656151
PSP_04,2N,,STPTAEDVTPPLVDEGAPGK,,,,STPTAEDVTPPLVDEGAPGK,,,,,,,,,0.00385140229049925
PSP_05,2N,,STPTAEDVTPPLVDEGAPGK,,,,STPTAEDVTPPLVDEGAPGK,,,,,,,,,0.00893500268470093
PSP_06,2N,,STPTAEDVTPPLVDEGAPGK,,,,STPTAEDVTPPLVDEGAPGK,,,,,,,,,0.00268717073350318
PSP_07,2N,,STPTAEDVTPPLVDEGAPGK,,,,STPTAEDVTPPLVDEGAPGK,,,,,,,,,0.0059564415892137
PSP_08,2N,,STPTAEDVTPPLVDEGAPGK,,,,STPTAEDVTPPLVDEGAPGK,,,,,,,,,0.00966766793929757
PSP_09,2N,,STPTAEDVTPPLVDEGAPGK,,,,STPTAEDVTPPLVDEGAPGK,,,,,,,,,0.00890775229889583
PSP_10,2N,,STPTAEDVTPPLVDEGAPGK,,,,STPTAEDVTPPLVDEGAPGK,,,,,,,,,0.00633997822837569
PSP_11,2N,,STPTAEDVTPPLVDEGAPGK,,,,STPTAEDVTPPLVDEGAPGK,,,,,,,,,0.00885355806544626
PSP_12,2N,,STPTAEDVTPPLVDEGAPGK,,,,STPTAEDVTPPLVDEGAPGK,,,,,,,,,0.00634255432908463
PSP_13,2N,,STPTAEDVTPPLVDEGAPGK,,,,STPTAEDVTPPLVDEGAPGK,,,,,,,,,0.00943731641398915
PSP_14,2N,,STPTAEDVTPPLVDEGAPGK,,,,STPTAEDVTPPLVDEGAPGK,,,,,,,,,0.0110168719771933
PSP_15,2N,,STPTAEDVTPPLVDEGAPGK,,,,STPTAEDVTPPLVDEGAPGK,,,,,,,,,0.00600157544904844
PSP_16,2N,,STPTAEDVTPPLVDEGAPGK,,,,STPTAEDVTPPLVDEGAPGK,,,,,,,,,0.00729398867690202
PSP_17,2N,,STPTAEDVTPPLVDEGAPGK,,,,STPTAEDVTPPLVDEGAPGK,,,,,,,,,0.00715201905772207
PSP_18,2N,,STPTAEDVTPPLVDEGAPGK,,,,STPTAEDVTPPLVDEGAPGK,,,,,,,,,0
PSP_19,2N,,STPTAEDVTPPLVDEGAPGK,,,,STPTAEDVTPPLVDEGAPGK,,,,,,,,,0.0108294147453205
PSP_20,2N,,STPTAEDVTPPLVDEGAPGK,,,,STPTAEDVTPPLVDEGAPGK,,,,,,,,,0.0123185521707443
PSP_21,2N,,STPTAEDVTPPLVDEGAPGK,,,,STPTAEDVTPPLVDEGAPGK,,,,,,,,,0.00305617137696814
PSP_22,2N,,STPTAEDVTPPLVDEGAPGK,,,,STPTAEDVTPPLVDEGAPGK,,,,,,,,,0.00310255630308224
PSP_23,2N,,STPTAEDVTPPLVDEGAPGK,,,,STPTAEDVTPPLVDEGAPGK,,,,,,,,,0.00188828541560788
PSP_24,2N,,STPTAEDVTPPLVDEGAPGK,,,,STPTAEDVTPPLVDEGAPGK,,,,,,,,,0.0029334872704886
PSP_25,2N,,STPTAEDVTPPLVDEGAPGK,,,,STPTAEDVTPPLVDEGAPGK,,,,,,,,,0.00554013862378938
PSP_26,2N,,STPTAEDVTPPLVDEGAPGK,,,,STPTAEDVTPPLVDEGAPGK,,,,,,,,,0.00427759886204926
PSP_27,2N,,STPTAEDVTPPLVDEGAPGK,,,,STPTAEDVTPPLVDEGAPGK,,,,,,,,,0.0036382423029561
PSP_28,2N,,STPTAEDVTPPLVDEGAPGK,,,,STPTAEDVTPPLVDEGAPGK,,,,,,,,,0.00432051446152218
PSP_29,2N,,STPTAEDVTPPLVDEGAPGK,,,,STPTAEDVTPPLVDEGAPGK,,,,,,,,,0.00564041546634846
PSP_30,2N,,STPTAEDVTPPLVDEGAPGK,,,,STPTAEDVTPPLVDEGAPGK,,,,,,,,,0.00601028148387316
PSP_31,2N,,STPTAEDVTPPLVDEGAPGK,,,,STPTAEDVTPPLVDEGAPGK,,,,,,,,,0
PSP_32,2N,,STPTAEDVTPPLVDEGAPGK,,,,STPTAEDVTPPLVDEGAPGK,,,,,,,,,0.00247026991546643
PSP_33,2N,,STPTAEDVTPPLVDEGAPGK,,,,STPTAEDVTPPLVDEGAPGK,,,,,,,,,0.00946422041456235
PSP_34,2N,,STPTAEDVTPPLVDEGAPGK,,,,STPTAEDVTPPLVDEGAPGK,,,,,,,,,0.0102575123888159
PSP_35,2N,,STPTAEDVTPPLVDEGAPGK,,,,STPTAEDVTPPLVDEGAPGK,,,,,,,,,0.00646639993054001
PSP_36,2N,,STPTAEDVTPPLVDEGAPGK,,,,STPTAEDVTPPLVDEGAPGK,,,,,,,,,0.00546112064470413
PSP_37,2N,,STPTAEDVTPPLVDEGAPGK,,,,STPTAEDVTPPLVDEGAPGK,,,,,,,,,0.00402982707038256
PSP_38,2N,,STPTAEDVTPPLVDEGAPGK,,,,STPTAEDVTPPLVDEGAPGK,,,,,,,,,0.00685032403446866
PSP_39,2N,,STPTAEDVTPPLVDEGAPGK,,,,STPTAEDVTPPLVDEGAPGK,,,,,,,,,0.00301993051609002
PSP_40,2N,,STPTAEDVTPPLVDEGAPGK,,,,STPTAEDVTPPLVDEGAPGK,,,,,,,,,0.00178724704222031
